Date,City,Score,Review_usage,Review_pro,Review_contra,Review_comment,Like_count,Dislike_counts,Shop_review
2 –º–µ—Å—è—Ü–∞ –Ω–∞–∑–∞–¥,–ë—É–≥—Ä—ã,1,–º–µ–Ω–µ–µ –º–µ—Å—è—Ü–∞,"–ê–π—Ñ–æ–Ω 14 –Ω–∞ 512 –Ω–µ –º–æ–∂–µ—Ç –Ω–µ —Ä–∞–¥–æ–≤–∞—Ç—å, –Ω–æ","–¢–µ–ª–µ—Ñ–æ–Ω –≤–æ—Å—Å—Ç–∞–Ω–æ–≤–ª–µ–Ω–Ω—ã–π, –Ω–∏–∫—Ç–æ –∏ –Ω–µ –¥—É–º–∞–ª —á—Ç–æ —Ç–∞–º –±—É–¥–µ—Ç –¥–æ—Å—Ç–∞—Ç–æ—á–Ω–æ –º–Ω–æ–≥–æ –≤–æ—Å—Å—Ç–∞–Ω–æ–≤–ª–µ–Ω–Ω–æ–≥–æ.
–ó–∞ –º–µ—Å—è—Ü –∏—Å–ø–æ–ª—å–∑–æ–≤–∞–Ω–∏—è –≤—ã—è–≤–ª–µ–Ω–æ: –Ω–µ —Ä–æ–¥–Ω–æ–π –¥–∏–Ω–∞–º–∏–∫, —Å–æ —Å—Ç–æ—Ä–æ–Ω—ã –∫–∞–º–µ—Ä, —É—Å—Ç–∞–Ω–æ–≤–ª–µ–Ω –∫—Ä–∏–≤–æ, –ø–æ—Ç–æ–º—É, —á—Ç–æ –≤–æ–∫—Ä—É–≥ –∑–∞–∑–æ—Ä—ã‚Ä¶–∫ —Ç–æ–º—É –∂–µ –¥—Ä—É–≥–æ–≥–æ —Ü–≤–µ—Ç–∞‚Ä¶
–ü–æ —Å–µ—Ä–∏–π–Ω–æ–º—É –Ω–æ–º–µ—Ä—É, –¥—Ä—É–≥–æ–π —Ç–µ–ª–µ—Ñ–æ–Ω, –≤ —Å–æ–æ—Ç–≤–µ—Ç—Å—Ç–≤–∏–∏ —Å —Ü–≤–µ—Ç–æ–º –¥–∏–Ω–∞–º–∏–∫–∞.
–ê–∫–∫—É–º—É–ª—è—Ç–æ—Ä –∑–∞ –¥–≤–µ –Ω–µ–¥–µ–ª–∏ —Å–æ —Å—Ç–∞ —É–ø–∞–ª –¥–æ 98 –ø—Ä–æ—Ü–µ–Ω—Ç–æ–≤, –¥–∞–ª—å–Ω–µ–π—à–∞—è –¥–∏–Ω–∞–º–∏–∫–∞ –µ–≥–æ —Ä–∞—Å—Ö–æ–¥–∞ –Ω–µ —è—Å–Ω–∞.
–¢–æ—Ç –∫–æ–º—É –ø—Ä–µ–¥–Ω–∞–∑–Ω–∞—á–∞–ª—Å—è –ø–æ–¥–∞—Ä–æ–∫ –æ–±–Ω–∞—Ä—É–∂–∏–ª –ø—ã–ª—å –ø–æ–¥ –ª–∏–Ω–∑–∞–º–∏ –∫–∞–º–µ—Ä –∏ —Å—É–¥—è –ø–æ –≤—Å–µ–º—É –µ—ë –∫–æ–ª–∏—á–µ—Å—Ç–≤–æ —É–≤–µ–ª–∏—á–∏–≤–∞–µ—Ç—Å—è, –ø–æ–∫–∞ —ç—Ç–æ –Ω–µ –≤–ª–∏—è–µ—Ç –Ω–∞ —Ñ–æ—Ç–æ–≥—Ä–∞—Ñ–∏–∏, –Ω–æ –¥–µ–ª–æ –≤—Ä–µ–º–µ–Ω–∏. –ö–∞–∫ –±—ã —Å–ø–µ—Ü–∏–∞–ª–∏—Å—Ç—ã –ø–æ—á–∏–Ω–∏–ª–∏ —Ç–µ–ª–µ—Ñ–æ–Ω, –∞ –∑–∞–∑–æ—Ä–æ–≤ –æ—Å—Ç–∞–≤–∏–ª–∏ –º–∞–º–∞ –Ω–µ –≥–æ—Ä—é–π, –æ—Ç—Å—é–¥–∞ —É—Ä–æ–≤–µ–Ω—å –∑–∞—â–∏—Ç—ã –æ—Ç –≤–æ–¥—ã, —Ç–æ—á–Ω–æ 0.","–í –æ–±—â–µ–º –∏ —Ü–µ–ª–æ–º, –ø—Ä–æ—Ü–µ—Å—Å–æ—Ä –∏ –æ–ø–µ—Ä–∞—Ç–∏–≤–Ω–∞—è –ø–∞–º—è—Ç—å –Ω–∞–¥–µ—é—Å—å —Ä–æ–¥–Ω—ã–µ. –ë—Ä–∞—Ç—å —Ç–∞–∫–æ–π —Ç–µ–ª–µ—Ñ–æ–Ω —Å—É–¥—è –ø–æ –∏—Å–ø–æ–ª–Ω–µ–Ω–∏—é (—Ä–µ–º–æ–Ω—Ç—É) –¥–∞–Ω–Ω–æ–π –æ—Ä–≥–∞–Ω–∏–∑–∞—Ü–∏–∏ –Ω–µ —Ä–µ–∫–æ–º–µ–Ω–¥—É—é, –≤–æ–∑–º–æ–∂–Ω–æ –Ω–µ –ø–æ–≤–µ–∑–ª–æ, –≤–µ—Ä–Ω—É—Ç—å –ø–æ—Å–ª–µ 7 –¥–Ω–µ–π –Ω–µ–ª—å–∑—è, –±—É–¥–µ–º –∑–∞–≤—Å–µ–≥–¥–∞—Ç–∞—è–º–∏ —Å–µ—Ä–≤–∏—Å–æ–≤ –∞–ø–ª.",0,0,APP-Seller
–ú–µ—Å—è—Ü –Ω–∞–∑–∞–¥,–ë–µ–ª—ã–µ –°—Ç–æ–ª–±—ã,1,–º–µ–Ω–µ–µ –º–µ—Å—è—Ü–∞,"–í –æ—Å—Ç–∞–ª—å–Ω–æ–º –≤—Å–µ –æ–∫, –Ω–æ —ç—Ç–∞ —Ñ—É–Ω–∫—Ü–∏—è –æ—á–µ–Ω—å –≤–∞–∂–Ω–∞",–ù–µ —Ä–∞–±–æ—Ç–∞–µ—Ç –º–æ–¥—É–ª—å e-sim,"–°–µ–≥–æ–¥–Ω—è –∑–∞–±—Ä–∞–ª –∞–π—Ñ–æ–Ω –∏–∑ –ø—É–Ω–∫—Ç–∞ –≤—ã–¥–∞—á–∏, –ø—Ä–∏ –Ω–∞—Å—Ç—Ä–æ–π–∫–µ –Ω–µ –±—ã–ª–æ –≤ –Ω–∞—Å—Ç—Ä–æ–π–∫–∞—Ö –ø—É–Ω–∫—Ç–∞ –Ω–∞—Å—Ç—Ä–æ–π–∫–∏ e-sim, —Å –ø–æ–º–æ—â—å—é —Å–ª—É–∂–±—ã —Ç–µ—Ö–ø–æ–¥–¥–µ—Ä–∂–∫–∏ apple –∏ –¥–∏–∞–≥–Ω–æ—Å—Ç–∏–∫–∏ –≤—ã—è–≤–ª–µ–Ω–æ, —á—Ç–æ –Ω–∞ —Ñ–∏–∑–∏—á–µ—Å–∫–æ–º —É—Ä–æ–≤–Ω–µ –º–æ–¥—É–ª—å e-sim –ø–æ–≤—Ä–µ–∂–¥–µ–Ω –∏ —Ä–∞–±–æ—Ç–∞—Ç—å –±–µ–∑ —Ä–µ–º–æ–Ω—Ç–∞ –Ω–µ –º–æ–∂–µ—Ç.
–ê–π—Ñ–æ–Ω –∞–±—Å–æ–ª—é—Ç–Ω–æ –Ω–æ–≤—ã–π, —Ç–æ–ª—å–∫–æ —Ä–∞—Å–ø–∞–∫–æ–≤–∞–ª –∏ –Ω–∞—á–∞–ª –Ω–∞—Å—Ç—Ä–æ–π–∫—É. –°—Ç–æ–∏–º–æ—Å—Ç—å —Ä–µ–º–æ–Ω—Ç–∞ –≤ —Å–µ—Ä–≤–∏—Å–µ –æ–±—ä—è–≤–∏–ª–∏ 10 000 —Ä—É–±–ª–µ–π.
–¢–∞–∫–∂–µ –µ—Å—Ç—å –ø—Ä–æ–±–ª–µ–º—ã —Å –º–∏–∫—Ä–æ—Ñ–æ–Ω–æ–º (–æ—Å–æ–±–µ–Ω–Ω–æ –ø—Ä–æ –∑–∞–ø–∏—Å–∏ –≤–∏–¥–µ–æ) –∏ —Å –æ—Å–Ω–æ–≤–Ω—ã–º –¥–∏–Ω–∞–º–∏–∫–æ–º (–∑–≤—É–∫, –∫–∞–∫ –∏–∑ –≤–µ–¥—Ä–∞).
–ö —Ç–æ–º—É –∂–µ, –Ω–∞ –∑–∞–¥–Ω–µ–π —Å—Ç–æ—Ä–æ–Ω–µ –ª–æ–≥–æ—Ç–∏–ø apple —Ä–∞—Å–ø–æ–ª–æ–∂–µ–Ω –∫—Ä–∏–≤–æ, —ç—Ç–æ –æ—á–µ–Ω—å –≤–∏–¥–Ω–æ.",0,0,White Store
5 –¥–Ω–µ–π –Ω–∞–∑–∞–¥,–ù–æ–≤–æ—à–∞—Ö—Ç–∏–Ω—Å–∫,1,–ù–µ —É–∫–∞–∑–∞–Ω–æ,"–¢–µ–ª–µ—Ñ–æ–Ω –ø—Ä–∏—à–µ–ª –∏–¥–µ–∞–ª—å–Ω—ã–π, –ù–û —á–µ—Ä–µ–∑ –¥–≤–µ –Ω–µ–¥–µ–ª–∏ —è —Å—Ç–æ–ª–∫–Ω—É–ª–∞—Å—å —Å –æ—á–µ–Ω—å –∏–Ω—Ç–µ—Ä–µ—Å–Ω—ã–º —è–≤–ª–µ–Ω–∏–µ–º. –ï—Ö–∞–ª–∞ –≤ –∞–≤—Ç–æ–±—É—Å–µ, —Ä–∞–∑–≥–æ–≤–∞—Ä–∏–≤–∞–ª–∞ –ø–æ —Ç–µ–ª–µ—Ñ–æ–Ω—É, –∑–∞–∫–æ–Ω—á–∏–≤ —Ä–∞–∑–≥–æ–≤–æ—Ä —è –æ–±–Ω–∞—Ä—É–∂–∏–ª–∞ –≤–Ω—É—à–∏—Ç–µ–ª—å–Ω—É—é –∑–µ–ª–µ–Ω—É—é –ø–æ–ª–æ—Å—É –Ω–∞ —ç–∫—Ä–∞–Ω–µ –∏ —Å–∞–º –æ–Ω(—ç–∫—Ä–∞–Ω) –ø–æ—Ä–æ–∑–æ–≤–µ–ª. –¢–µ–ª–µ—Ñ–æ–Ω—É –±—ã–ª–æ 2 –Ω–µ–¥–µ–ª–∏, –ø–æ–ª—å–∑–æ–≤–∞–ª–∏—Å—å –∞–∫–∫—É—Ä–∞—Ç–Ω–æ. –ü–æ–≤–µ–ª–∏—Å—å –Ω–∞ –Ω–∞–¥–ø–∏—Å—å 90 –¥–Ω–µ–π –≥–∞—Ä–∞–Ω—Ç–∏–∏, –æ–¥–Ω–∞–∫–æ, –Ω–∏–∫—Ç–æ –µ–≥–æ –æ–±—Ä–∞—Ç–Ω–æ –ø—Ä–∏–Ω–∏–º–∞—Ç—å –Ω–µ —Ö–æ—á–µ—Ç. –†–µ–º–æ–Ω—Ç 34000 —Ä—É–±–ª–µ–π, –ø–æ —Ñ–∞–∫—Ç—É —Ç–µ–ø–µ—Ä—å –ø–æ–ª—å–∑—É–µ—à—å—Å—è –Ω–µ –∞–π—Ñ–æ–Ω–æ–º 14, –∞ —Ç–∞–ø–∫–æ–º –∑–∞ –≤–Ω—É—à–∏—Ç–µ–ª—å–Ω—É—é —Å—É–º–º—É!",–û–ø–∏—Å–∞–Ω—ã –≤—ã—à–µ,"–¢–æ–≤–∞—Ä –Ω–µ –æ–ø—Ä–∞–≤–¥–∞–ª –æ–∂–∏–¥–∞–Ω–∏–π, –ø—Ä–æ—Å—Ç–æ –ø–æ–ø–∞–ª–∏ –Ω–∞ –¥–µ–Ω—å–≥–∏‚Ä¶",0,0,White Store
5 –º–µ—Å—è—Ü–µ–≤ –Ω–∞–∑–∞–¥,–ú–æ—Å–∫–≤–∞,1,–º–µ–Ω–µ–µ –º–µ—Å—è—Ü–∞,–î–æ—Å—Ç–æ–∏–Ω—Å—Ç–≤ –∑–∞–º–µ—á–µ–Ω–æ –Ω–µ –±—ã–ª–æ,–•—É–¥—à–∞—è –ø–æ–∫—É–ø–∫–∞ –≤ –∂–∏–∑–Ω–∏,"–ö—É–ø–∏–ª —É –Ω–∞–≤–∏—Ç–æ–π—Å ¬´–Ω–æ–≤—ã–π¬ª iPhone 14, –∏ –Ω–∞—á–∞–ª–∏—Å—å –ø—Ä–∏–∫–ª—é—á–µ–Ω–∏—è. –ö–æ–Ω–µ—á–Ω–æ, –æ–ø–ª–∞—Ç–∞ –¢–û–õ–¨–ö–û –Ω–∞–ª–∏—á–Ω—ã–º–∏ —Å–º—É—â–∞–ª–∞, –Ω–æ —Ä–∏—Å–∫–Ω—É–ª –∏ –æ—à–∏–±—Å—è. –ö–æ–≥–¥–∞ –ø—ã—Ç–∞–µ—à—å—Å—è —Ä–∞–∑–±–ª–æ–∫–∏—Ä–æ–≤–∞—Ç—å (–≤–≤–µ—Å—Ç–∏ –ø–∞—Ä–æ–ª—å) —ç–∫—Ä–∞–Ω —Ç—É–ø–∏—Ç –∏ –ø–æ–¥–ª–∞–≥–∏–≤–∞–µ—Ç. –í–µ—Ä–Ω—É—Ç—å –µ–≥–æ, –æ–¥–Ω–∞–∫–æ, –Ω–µ–ª—å–∑—è - –∫–∞–∫ —Ç–æ–ª—å–∫–æ —Ç—ã –ø–æ–ø–∞–¥–∞–µ—à—å –≤ –≥–ª–∞–≤–Ω–æ–µ –º–µ–Ω—é, –≥–¥–µ –∏ —Å—Ç–∞–≤–∏—à—å –ø–∞—Ä–æ–ª—å –∏ —Ç–¥, –∞–π—Ñ–æ–Ω –∞–∫—Ç–∏–≤–∏—Ä—É–µ—Ç—Å—è –∏ —Å—Ç–∞–Ω–æ–≤–∏—Ç—Å—è –ë–£. (–∏–º–µ–π—Ç–µ –≤ –≤–∏–¥—É, –µ—Å–ª–∏ —Ö–æ—Ç–∏—Ç–µ –ø—Ä–æ–≤–µ—Ä–∏—Ç—å –∞–π—Ñ–æ–Ω —Å—Ä–∞–∑—É - —ç—Ç–æ –Ω–µ–≤–æ–∑–º–æ–∂–Ω–æ, –º–∞–∫—Å–∏–º—É–º –ø–æ–∑–≤–æ–ª—è—Ç –æ—Ç–∫—Ä—ã—Ç—å –∫–æ—Ä–æ–±–∫—É). –°–Ω–∞—á–∞–ª–∞ –ø–æ–µ—Ö–∞–ª –≤ –°–¶, –≥–¥–µ –ø–æ—Ä–µ–∫–æ–º–µ–Ω–¥–æ–≤–∞–ª–∏ –ø–µ—Ä–µ—É—Å—Ç–∞–Ω–æ–≤–∏—Ç—å iOS. –°–¥–µ–ª–∞–Ω–æ, –Ω–µ –ø–æ–º–æ–≥–ª–æ. –û—Ç–ø—Ä–∞–≤–∏–ª –≤–æ–∑–≤—Ä–∞—Ç–æ–º - –≤–µ—Ä–Ω—É–ª–∏ —Å —Ç–µ–º–∏ –∂–µ –ø—Ä–æ–±–ª–µ–º–∞–º–∏ –∏ –ø–æ—Ç—Ä–µ–±–æ–≤–∞–ª–∏ —Å–≤–µ—Ä—Ö—É 2100‚ÇΩ –∑–∞ ¬´–¥–∏–∞–≥–Ω–æ—Å—Ç–∏–∫—É¬ª. –í –æ–±—â–µ–º, –µ—Å–ª–∏ —Ö–æ—Ç–∏—Ç–µ –ø–æ—Ç–µ—Ä—è—Ç—å –≤—Ä–µ–º—è, –¥–µ–Ω—å–≥–∏, –Ω–µ—Ä–≤—ã, –∏ –ø–æ—Ç–æ–º –¥—É–º–∞—Ç—å, –∫–∞–∫ –ø—Ä–æ–¥–∞—Ç—å —Å–≤–æ–π ¬´–Ω–æ–≤—ã–π¬ª –∞–π—Ñ–æ–Ω - –æ–±—Ä–∞—â–∞–π—Ç–µ—Å—å –≤ –Ω–∞–≤–∏—Ç–æ–π—Å. –ù–∞–¥–µ—é—Å—å, –º–æ–π –æ—Ç–∑—ã–≤ –∫–æ–º—É-—Ç–æ –ø–æ–º–æ–∂–µ—Ç –Ω–µ —Å–æ–≤–µ—Ä—à–∏—Ç—å –º–æ–∏—Ö –æ—à–∏–±–æ–∫. –ù–µ –≤–µ–¥–∏—Ç–µ—Å—å –Ω–∞ —Ü–µ–Ω—É, —Ö–æ—Ç–∏—Ç–µ —Å—ç–∫–æ–Ω–æ–º–∏—Ç—å - –∑–∞–∫–∞–∑—ã–≤–∞–π—Ç–µ –∏–∑ –ö–∏—Ç–∞—è –∏–ª–∏ –∏—â–∏—Ç–µ —Ö–æ—Ä–æ—à–∏–π –±—É –Ω–∞ –∞–≤–∏—Ç–æ.",10,0,NAVITOYS
2 –Ω–µ–¥–µ–ª–∏ –Ω–∞–∑–∞–¥,–°–∞–º–∞—Ä–∞,1,–ù–µ —É–∫–∞–∑–∞–Ω–æ,–ù–µ—Ç –±–ª–æ–∫–∞ –∑–∞—Ä—è–¥–∫–∏ –∏ –Ω–∞—É—à–Ω–∏–∫–æ–≤,–†–∞–∑–æ—á–∞—Ä–æ–≤–∞–ª,"–ö —Å–æ–∂–∞–ª–µ–Ω–∏—é, —Ü–µ–Ω–∞ –∫–æ–º–ø–ª–µ–∫—Ç–∞ –±–µ–∑ –∑–∞—Ä—è–¥–Ω–æ–≥–æ —É—Å—Ç—Ä–æ–π—Å—Ç–≤–∞ —Ä–∞–≤–Ω–∞ -50% –±—Ä–µ–Ω–¥ –Ω–µ –æ–ø—Ä–∞–≤–¥–∞–Ω–æ –æ–∂–∏–¥–∞–Ω–∏—è. –û—á–µ–Ω—å –ø–µ—á–∞–ª—å–Ω–æ —á—Ç–æ –≤—ã–ø–æ–ª–Ω–µ–Ω –∏–∑ –¥–µ—à–µ–≤–æ–≥–æ –ø–ª–∞—Å—Ç–∏–∫–∞, –≤–æ–æ–±—â–µ –∫–æ–Ω–µ—á–Ω–æ –∂–∞–ª—å —á—Ç–æ –∫–æ–º–ø–∞–Ω–∏—è —Å–∫–∞—Ç–∏–ª–∞—Å—å –¥–æ —Ç–∞–∫–æ–≥–æ —É—Ä–æ–≤–Ω—è",0,0,You:store
2 –Ω–µ–¥–µ–ª–∏ –Ω–∞–∑–∞–¥,–Ø–Ω–∏–Ω–æ-1,1,–ù–µ —É–∫–∞–∑–∞–Ω–æ,–Ω–µ—Ç,"–ø–æ—Å–ª–µ –º–µ—Å—è—Ü–∞ –∏—Å–ø–æ–ª—å–∑–æ–≤–∞–Ω–∏—è –∞–π—Ñ–æ–Ω —Å—Ç–∞–ª –æ—Ç–∫–ª—é—á–∞—Ç—Å—è —Å–∞–º –∏ –≤–∏—Å–Ω—É—Ç—å, —Ç–∞–∫ –∂–µ –ø–æ—è–≤–∏–ª–∏—Å—å —á–µ—Ä–Ω—ã–µ –ø—è—Ç–Ω–∞ –Ω–∞ –∫–∞–º–µ—Ä–µ , –ø—Ä–æ–¥–∞–ª–∏ –∑–∞–≤–µ–¥–æ–º–æ —Å–ª–æ–º–∞–Ω–Ω—ã–π –Ω–∞–≤–µ—Ä–Ω–æ –ø–æ—Å–ª–µ —Ä–µ–º–æ–Ω—Ç–∞ —Ç–µ–ª–µ—Ñ–æ–Ω .",–Ω–µ—Ç,0,0,Apple Future
–ù–µ–¥–µ–ª—é –Ω–∞–∑–∞–¥,–ö—Ä–∞—Å–Ω–æ–¥–∞—Ä,1,–ù–µ —É–∫–∞–∑–∞–Ω–æ,–í–Ω–µ—à–Ω–∏–π –≤–∏–¥,"–ö–∞–º–µ—Ä–∞ —É–∂–∞—Å–Ω–∞—è, —Å–µ–Ω—Å–æ—Ä –∏–Ω–æ–≥–¥–∞ –∑–∞–≤–∏—Å–∞–µ—Ç, –∑–≤—É–∫ –∑–≤–æ–Ω–∫–∞ –ø—Ä–æ–ø–∞–¥–∞–µ—Ç.",–ü–æ–∫—É–ø–∫–æ–π –Ω–µ–¥–æ–≤–æ–ª—å–Ω–∞. –ù–∞ –∞–Ω–¥—Ä–æ–∏–¥–µ –∫–∞–º–µ—Ä–∞ –Ω–∞–º–Ω–æ–≥–æ –ª—É—á—à–µ.,1,0,Digital Planet
3 –Ω–µ–¥–µ–ª–∏ –Ω–∞–∑–∞–¥,–ú–æ—Å–∫–≤–∞,1,–ù–µ —É–∫–∞–∑–∞–Ω–æ,–ù–µ —É–∫–∞–∑–∞–Ω–æ,–ù–µ —É–∫–∞–∑–∞–Ω–æ,"—Ö–æ—Ç–µ–ª —Å–∫–∞—á–∏–≤–∞—Ç—å —Å—Ç–æ—Ä–æ–Ω–Ω–∏–µ –ø—Ä–∏–ª–æ–∂–µ–Ω–∏—è, –∞ —É –º–µ–Ω—è –Ω–∏—á–µ–≥–æ –Ω–µ —Ä–∞–±–æ—Ç–∞–µ—Ç, –º—è—É, –∫–∞–∫ –≤–æ–æ–±—â–µ —Ç—É—Ç –º–æ–∂–Ω–æ —ç—Ç–∏–º –ø–æ–ª—å–∑–æ–≤–∞—Ç—å—Å—è, –Ω–µ –∑–Ω–∞—é, –ø–ª–∞–Ω–∏—Ä—É—é –ø—Ä–æ–¥–∞—Ç—å –∏ –∫—É–ø–∏—Ç—å –∫—Å—è–æ–º–∏",0,0,–î–∂–∞—Å—Ç–æ–∫–†—É
2 –Ω–µ–¥–µ–ª–∏ –Ω–∞–∑–∞–¥,–í–æ—Ä–æ–Ω–µ–∂,1,–ù–µ —É–∫–∞–∑–∞–Ω–æ,–ü–∞–ª–µ–Ω—ã–π,–ù–µ –æ—Ä–∏–≥–∏–Ω–∞–ª—å–Ω—ã–π —Ç–µ–ª–µ—Ñ–æ–Ω,"–ü–æ—Å–ª–µ –º–µ—Å—è—Ü–∞ –∏—Å–ø–æ–ª—å–∑–æ–≤–∞–Ω–∏—è —Ç–µ–ª–µ—Ñ–æ–Ω —É–∂–∞—Å–Ω–æ –ª–∞–≥–∞–µ—Ç, –∫–∞–º–µ—Ä–∞ –ø–æ—Å—Ç–æ—è–Ω–Ω–æ –≤ —Ä–∞—Å—Ñ–æ–∫—É—Å–µ , –±–∞—Ç–∞—Ä–µ—é –Ω–µ –¥–µ—Ä–∂–∏—Ç",0,0,–Ø–±–ª–æ—á–Ω—ã–π –ì—É—Å—å
3 –Ω–µ–¥–µ–ª–∏ –Ω–∞–∑–∞–¥,–ú–æ—Å–∫–≤–∞,1,–ù–µ —É–∫–∞–∑–∞–Ω–æ,–ù–µ —É–∫–∞–∑–∞–Ω–æ,–ù–µ —É–∫–∞–∑–∞–Ω–æ,"–í—Å–µ –æ—á–µ–Ω—å –ø–ª–æ—Ö–æ , –≤–∑—è–ª —Ç–µ–ª–µ—Ñ–æ–Ω , —Å—Ä–∞–∑—É –Ω–µ –∑–∞–º–µ—Ç–∏–ª —á—Ç–æ —ç–∫—Ä–∞–Ω —Ö—Ä–µ–Ω–æ–≤–æ –ø—Ä–∏–∫–ª–µ–µ–Ω , –æ–¥–Ω–∏–º —Å–ª–æ–≤–æ–º –±—Ä–∞–∫ ! –ù–µ —Å–æ–≤–µ—Ç—É—é , –±—É–¥—É –∂–∞–ª–æ–≤–∞—Ç—å—Å—è –∏ –æ—Ñ–æ—Ä–º–ª—è—Ç—å –≤–æ–∑–≤—Ä–∞—Ç",0,0,WISHMASTER
4 –º–µ—Å—è—Ü–∞ –Ω–∞–∑–∞–¥,–ë–∞—Ç–∞–π—Å–∫,1,–º–µ–Ω–µ–µ –º–µ—Å—è—Ü–∞,"–ø—Ä–∏—à—ë–ª –≤–æ –≤—Ä–µ–º—è, —É–ø–∞–∫–æ–≤–∫–∞, –≤–Ω–µ—à–Ω–∏–π –≤–∏–¥ —Å—É–ø–ø–µ—Ä","–±—Ä–∞–ª –Ω–∞ –ø–æ–¥–∞—Ä–æ–∫, –ø—Ä–∏ —ç–∫—Å–ø–ª—É–∞—Ç–∞—Ü–∏–∏ –≤—ã—è—Å–Ω–∏–ª–æ—Å—å, —á—Ç–æ —Ç–µ–ª–µ—Ñ–æ–Ω –Ω–µ –≤–∏–¥–∏—Ç —Å–∏–º –∫–∞—Ä—Ç—É. –î–∏–∞–≥–Ω–æ—Å—Ç–∏–∫–∞ –≤ —Å–µ—Ä–≤–∏—Å–Ω–æ–º —Ü–µ–Ω—Ç—Ä–µ –ø–æ–∫–∞–∑–∞–ª–∞, —á—Ç–æ –≤—Å–µ –æ—Ç–ª–∏—á–Ω–æ, –Ω–æ –Ω–µ–∏—Å–ø—Ä–∞–≤–Ω–æ—Å—Ç—å –æ—Å—Ç–∞–ª–∞—Å—å. –ì–∞—Ä–∞–Ω—Ç–∏–π–Ω—ã–π —Ä–µ–º–æ–Ω—Ç –Ω–∞ —Ç–µ—Ä—Ä–∏—Ç–æ—Ä–∏–∏ –†–æ—Å—Å–∏–∏ –Ω–µ –¥–µ–ª–∞—é—Ç. –û—Ç—Ä–µ–º–æ–Ω—Ç–∏—Ä–æ–≤–∞–ª–∏ –∑–∞ –Ω–∞–ª–∏—á–∫—É. –ü—Ä–∏ —Ä–µ–º–æ–Ω—Ç–µ –≤—ã—è—Å–Ω–∏–ª–æ—Å—å, —á—Ç–æ —Ç–µ–ª–µ—Ñ–æ–Ω –Ω–µ –Ω–æ–≤—ã–π, –∞ –≤–æ—Å—Å—Ç–∞–Ω–æ–≤–ª–µ–Ω–Ω—ã–π.","–æ—á–µ–Ω—å –∫–∞—á–µ—Å—Ç–≤–µ–Ω–Ω–∞—è –∫—Ä–∞—Å–∏–≤–∞—è –ø–æ–¥–¥–µ–ª–∫–∞, –Ω–µ —Ä–∞–±–æ—Ç–∞–µ—Ç, –Ω–µ —Ä–µ–∫–æ–º–µ–Ω–¥—É—é",2,0,TECHNOTON
3 –¥–Ω—è –Ω–∞–∑–∞–¥,–ö—Ä–∞—Å–Ω–æ–¥–∞—Ä,1,–ù–µ —É–∫–∞–∑–∞–Ω–æ,–Ω–æ–≤—ã–π. –±—ã—Å—Ç—Ä–∞—è –¥–æ—Å—Ç–∞–≤–∫–∞.,–Ω–µ—Ç esim:(,"—É–±–µ—Ä–∏—Ç–µ –≤ –æ–ø–∏—Å–∞–Ω–∏–∏ esim.
–æ—Ñ–æ—Ä–º–∏–ª –≤–æ–∑–≤—Ä–∞—Ç. :(",0,0,White Store
–ú–µ—Å—è—Ü –Ω–∞–∑–∞–¥,–°–∞–Ω–∫—Ç-–ü–µ—Ç–µ—Ä–±—É—Ä–≥,1,–º–µ–Ω–µ–µ –º–µ—Å—è—Ü–∞,–ù–µ —É–∫–∞–∑–∞–Ω–æ,"–ê–π—Ñ–æ–Ω –¥–ª—è —Å—Ç—Ä–∞–Ω—ã –ö–∏—Ç–∞—è , –∞ –≤ –Ω–µ–º –æ—Ç—Å—É—Ç—Å—Ç–≤—É–µ—Ç —Ñ—É–Ω–∫—Ü–∏—è face time –æ —á–µ–º —Å–∫—Ä–æ–º–Ω–æ –º–æ–ª—á–∏—Ç –ø—Ä–æ–¥–∞–≤–µ—Ü!!!!!! –ö–∞–∫ –º–æ–∂–Ω–æ –ø–æ–ª—å–∑–æ–≤–∞—Ç—å—Å—è –∞–π—Ñ–æ–Ω–æ–º –±–µ–∑ –µ–≥–æ –ø–æ–ª–Ω–æ–≥–æ —Ñ—É–Ω–∫—Ü–∏–æ–Ω–∞–ª–∞?! –ë—É–¥—É –æ–±—Ä–∞—â–∞—Ç—å—Å—è –≤ —Å—É–¥!",–ù–µ —É–∫–∞–∑–∞–Ω–æ,0,0,Apple Mall
2 –º–µ—Å—è—Ü–∞ –Ω–∞–∑–∞–¥,–Ø—Ä–æ—Å–ª–∞–≤–ª—å,1,–ù–µ —É–∫–∞–∑–∞–Ω–æ,–ù–µ—Ç,"–ü—Ä–æ–¥–∞–≤–µ—Ü –≤–≤–æ–¥–∏—Ç –≤ –∑–∞–±–ª—É–∂–¥–µ–Ω–∏–µ! –ü–æ–∫—É–ø–∞–¥–∞ –ù–û–í–´–ô —Ç–µ–ª–µ—Ñ–æ–Ω, –ø—Ä–∏ –ø–æ–ª—É—á–µ–Ω–∏–∏ –æ–∫–∞–∑–∞–ª–æ—Å—å —á—Ç–æ —Ç–æ–≤–∞—Ä –ë/–£! –ö–æ—Ä–æ–±–∫–∞ –ø–æ—Ç–µ—Ä—Ç–∞—è, –∑–∞–≤–æ–¥—Å–∫–∏—Ö –ø–ª–æ–º–± –Ω–µ—Ç, –∫–æ—Ä–æ–±–∫–∞ –≤—Å–∫—Ä—ã—Ç–∞,–Ω–∞–∫–ª–µ–µ–Ω—ã –∫–∞–∫–∏–µ —Ç–æ –ª–µ–≤—ã–µ –ø–ª–æ–º–±—ã! –ü—Ä–∏ –ø–æ–ª—É—á–µ–Ω–∏–∏ –æ—Ç–∫—Ä—ã–≤–∞–µ—Ç—Å—è —Ä–µ–∞–ª—å–Ω–∞—è –∫–∞—Ä—Ç–æ—á–∫–∞ —Ç–æ–≤–∞—Ä–∞ –≥–¥–µ –Ω–∞–ø–∏—Å–∞–Ω–æ —á—Ç–æ —Ç–æ–≤–∞—Ä –±/—É! –£–∂–∞—Å–Ω—ã–π –ø—Ä–æ–¥–∞–≤–µ—Ü",–ù–µ —É–∫–∞–∑–∞–Ω–æ,0,0,Prosto-Technika
2 –Ω–µ–¥–µ–ª–∏ –Ω–∞–∑–∞–¥,–°–∞–Ω–∫—Ç-–ü–µ—Ç–µ—Ä–±—É—Ä–≥,1,–ù–µ —É–∫–∞–∑–∞–Ω–æ,–ù–µ —É–∫–∞–∑–∞–Ω–æ,–ù–µ —É–∫–∞–∑–∞–Ω–æ,"–ü—ã–ª—å –ø–æ–¥ –∫–∞–º–µ—Ä–æ–π. –î–∏–Ω–∞–º–∏–∫ —Å–¥–≤–∏–Ω—É—Ç.
–ü–æ–ª—å–∑–æ–≤–∞—Ç—å—Å—è –Ω–µ –≤–æ–∑–º–æ–∂–Ω–æ.
–í–µ—Ä–Ω—É–ª –æ–±—Ä–∞—Ç–Ω–æ.",0,1,White Store
–ù–µ–¥–µ–ª—é –Ω–∞–∑–∞–¥,–¢–∞–º–±–æ–≤,1,–ù–µ —É–∫–∞–∑–∞–Ω–æ,–ù–µ —É–∫–∞–∑–∞–Ω–æ,–¢–µ–ª–µ—Ñ–æ–Ω —Å—Ç–∞–ª–æ –ø–ª–æ—Ö–æ –¥–µ—Ä–∂–∞—Ç—å –∑–∞—Ä—è–¥–∫—É –∏ –∑–∞–≤–∏—Å–∞—Ç—å !,–ù–µ —É–∫–∞–∑–∞–Ω–æ,0,0,ID Store
3 –Ω–µ–¥–µ–ª–∏ –Ω–∞–∑–∞–¥,–¢—é–º–µ–Ω—å,1,–ù–µ —É–∫–∞–∑–∞–Ω–æ,–í–Ω–µ—à–Ω–∏–π –≤–∏–¥,"–ù–µ —Ä–∞–±–æ—Ç–∞–µ—Ç –µ-—Å–∏–º, –Ω–µ —Ä–∞–±–æ—Ç–∞–µ—Ç –ø–æ–¥–∫–ª—é—á–µ–Ω–∏–µ –∫ —Å–µ—Ç–∏ –≤–∞–π —Ñ–∞–π, –Ω–µ —Ä–∞–±–æ—Ç–∞–µ—Ç —Å —ç–ø–ª –≤–æ—Ç—á",–ù–µ —É–∫–∞–∑–∞–Ω–æ,0,0,–ù–µ–∏–∑–≤–µ—Å—Ç–Ω–æ
2 –º–µ—Å—è—Ü–∞ –Ω–∞–∑–∞–¥,–ü–æ–∫—Ä–æ–≤—Å–∫–æ–µ,1,–º–µ–Ω–µ–µ –º–µ—Å—è—Ü–∞,–ù–µ—Ç,"–¢–æ–≤–∞—Ä –Ω–µ –Ω–æ–≤—ã–π, –ø—Ä–∏—à–µ–ª –±–µ–∑ –ø–ª–µ–Ω–æ–∫, —Å–æ –≤—Å–∫—Ä—ã—Ç–æ–π –∫–æ—Ä–æ–±–∫–æ–π, –ø–µ—Ä–µ—Å—Ç–∞–ª–∞ —Ä–∞–±–æ—Ç–∞—Ç—å –±–æ–∫–æ–≤–∞—è –∫–Ω–æ–ø–∫–∞, —Ü–∞—Ä–∞–ø–∏–Ω–∞/—Å–∫–æ–ª –Ω–∞ –∫–∞–º–µ—Ä–µ, –µ–º–∫–æ—Å—Ç—å –∞–∫–∫—É–º—É–ª—è—Ç–æ—Ä–∞ 93 –ø—Ä–æ—Ü–µ–Ω—Ç–∞, —Ç–µ–ª–µ—Ñ–æ–Ω –±—ã–ª —Ä–∞–Ω–µ–µ –∞–∫—Ç–∏–≤–∏—Ä–æ–≤–∞–Ω.",–ù–µ —É–∫–∞–∑–∞–Ω–æ,0,1,ABIN TECHNOLOGY
2 –º–µ—Å—è—Ü–∞ –Ω–∞–∑–∞–¥,–ú–æ—Å–∫–≤–∞,1,–ù–µ —É–∫–∞–∑–∞–Ω–æ,–ù–µ—Ç –Ω–∏–∫–∞–∫–∏—Ö,"–í –∑–∞–∫–∞–∑–µ –ª–µ–∂–∞–ª –±/—É —Ç–µ–ª–µ—Ñ–æ–Ω, –æ–±–º–∞–Ω","–ü—Ä–∏—à–µ–ª –∑–∞–∫–∞–∑, —É–ø–∞–∫–æ–≤–∫–∞ –≥—Ä—è–∑–Ω–∞—è –≤–Ω—É—Ç—Ä–∏ –ø–∞–∫–µ—Ç–∞ –ª–µ–∂–∞–ª —Å—Ç–∞—Ä—ã–π –±/—É —Ç–µ–ª–µ—Ñ–æ–Ω –≤ –∫–æ—Ä–æ–±–æ—á–∫–µ. –í –∫–∞–∫–æ–π –º–æ–º–µ–Ω—Ç –µ–≥–æ –≤ –ø—Ä–æ—Ü–µ—Å—Å–µ –¥–æ—Å—Ç–∞–≤–∫–∏ –ø–æ–¥–º–µ–Ω–∏–ª–∏ –∏–ª–∏ —ç—Ç–æ –ø—Ä–∏—à–ª–æ –æ—Ç –ø—Ä–æ–¥–∞–≤—Ü–∞ —è –Ω–µ –∑–Ω–∞—é. –ù–æ —Ñ–∞–∫—Ç",0,0,Xtech Store
–ú–µ—Å—è—Ü –Ω–∞–∑–∞–¥,–ù–∏–∂–Ω–∏–π –ù–æ–≤–≥–æ—Ä–æ–¥,1,–º–µ–Ω–µ–µ –º–µ—Å—è—Ü–∞,"–ö—Ä–∞—Å–∏–≤—ã–π,–æ—Ä–∏–≥–∏–Ω–∞–ª,–Ω–æ–≤—ã–π",–ù–µ —Ä–æ—Å—Ç–µ—Å—Ç!!!–ë—É–¥—å—Ç–µ –≤–Ω–∏–º–∞—Ç–µ–ª—å–Ω—ã –ø—Ä–∏ –∑–∞–∫–∞–∑–µ,"–¢–æ–≤–∞—Ä –Ω–µ —Å–æ–æ—Ç–≤–µ—Ç—Å—Ç–≤—É–µ—Ç –æ–ø–∏—Å–∞–Ω–∏—é,–∏ –∑–∞—è–≤–ª–µ–Ω–Ω—ã–º —Ç—Ä–µ–±–æ–≤–∞–Ω–∏—è–º –∫–æ—Ç–æ—Ä—ã–µ —É –ø—Ä–æ–¥–∞–≤—Ü–∞ –Ω–∞ —Å–∞–π—Ç–µ",1,0,MyPhones
2 –º–µ—Å—è—Ü–∞ –Ω–∞–∑–∞–¥,–°–æ–ª–Ω–µ—á–Ω–æ–≥–æ—Ä—Å–∫,1,–ù–µ —É–∫–∞–∑–∞–Ω–æ,–®—É—Å—Ç—Ä—ã–π –±—ã—Å—Ç—Ä—ã–π –æ—Ç–ª–∏—á–Ω–∞—è –∫–∞–º–µ—Ä–∞,"–ß–µ—Ä–µ–∑ –¥–≤–∞ –º–µ—Å—è—Ü–∞ –∏—Å–ø–æ–ª—å–∑–æ–≤–∞–Ω–∏—è –≤–∑–¥—É–ª—Å—è –∞–∫–∫—É–º—É–ª—è—Ç–æ—Ä, –∞ —Å–ª—É–∂–±—ã –ø–æ–¥–¥–µ—Ä–∂–∫–∏ –∏–≥—Ä–∞—é—Ç –º–Ω–æ–π –≤ –ø–∏–Ω–±–æ–ª","–ï—â–µ –∏ —Ü–≤–µ—Ç –Ω–µ —Ç–æ –ø—Ä–∏—Å–ª–∞–ª–∏ —á—Ç–æ –∑–∞–∫–∞–∑—ã–≤–∞–ª–∏, –Ω–æ —ç—Ç–æ –Ω–µ —Å—Ç—Ä–∞—à–Ω–æ.",0,0,ProApple
2 –º–µ—Å—è—Ü–∞ –Ω–∞–∑–∞–¥,–ö—Ä–∞—Å–Ω–æ—è—Ä—Å–∫,1,–º–µ–Ω–µ–µ –º–µ—Å—è—Ü–∞,–£–¥–æ–±–µ–Ω –≤ —Ä—É–∫–µ,"–ü—Ä–∏ –∞–∫—Ç–∏–≤–∞—Ü–∏–∏ –Ω–µ —Ä–∞–±–æ—Ç–∞–ª–∏ —Å–∏–º –∫–∞—Ä—Ç–∞, –ø–æ—Ç–æ–º –≤–æ–æ–±—â–µ –ø–∏—Å–∞–ª —Å–±–æ–π –∞–∫—Ç–∏–≤–∞—Ü–∏–∏ –ø—Ä–æ –∑–∞–ø—É—Å–∫–µ. –í –∏—Ç–æ–≥–µ –≤–æ—Å–ø–æ–ª—å–∑–æ–≤–∞—Ç—å—Å—è –∞–π—Ñ–æ–Ω–æ–º –Ω–µ —Å–º–æ–≥–ª–∏. –í–æ–∑–≤—Ä–∞—Ç","–ù–∞–¥–µ—é—Å—å, —á—Ç–æ —ç—Ç–æ –ø—Ä–æ—Å—Ç–æ –º–Ω–µ —Ç–∞–∫ –Ω–µ –ø–æ–≤–µ–∑–ª–æ.",0,0,1Store.
–ú–µ—Å—è—Ü –Ω–∞–∑–∞–¥,–ú–æ—Å–∫–≤–∞,1,–ù–µ —É–∫–∞–∑–∞–Ω–æ,–í—Å–µ –æ—Ç–ª–∏—á–Ω–æ —Ä–∞–±–æ—Ç–∞–µ—Ç,–¥–∞,"–ü–µ—Ä–µ—Å—Ç–∞–ª —Ä–∞–±–æ—Ç–∞—Ç—å —á–µ—Ä–µ–∑ 4 –º–µ—Å—è—Ü–∞ –∏—Å–ø–æ–ª—å–∑–æ–≤–∞–Ω–∏—è,–Ω–µ —Ä–æ–Ω—è–ª–∞ –∏ –Ω–µ –∑–∞–≥—Ä—É–∂–∞–ª–∞ –µ–≥–æ.",1,0,NAVITOYS
4 –º–µ—Å—è—Ü–∞ –Ω–∞–∑–∞–¥,–ö–∞–∑–∞–Ω—å,1,–º–µ–Ω–µ–µ –º–µ—Å—è—Ü–∞,–¢–µ–ª–µ—Ñ–æ–Ω —Ö–æ—Ä–æ—à–∏–π,"–ö–æ—Ä–æ–±–∫–∞ –ø—Ä–∏—à–ª–∞ –ø–æ–≤—Ä–µ–∂–¥–µ–Ω–Ω–∞—è, –≤—Å–∫—Ä—ã—Ç–∞—è","–¢–µ–ª–µ—Ñ–æ–Ω –ø—Ä–∏—à–µ–ª —Å–æ –≤—Å–∫—Ä—ã—Ç–æ–π, –ø–æ–≤—Ä–µ–∂–¥–µ–Ω–Ω–æ–π –∫–æ—Ä–æ–±–∫–æ–π, –≤–Ω—É—Ç—Ä–µ–Ω–Ω–µ–µ —Å–æ–¥–µ—Ä–∂–∞–Ω–∏–µ –Ω–µ –ø–æ—Å—Ç—Ä–∞–¥–∞–ª–æ, –Ω–æ –≤–Ω–µ—à–Ω–∏–µ –æ–±—Å—Ç–æ—è—Ç–µ–ª—å—Å—Ç–≤–∞ –æ—Å—Ç–∞–≤–∏–ª–∏ –Ω–µ–≤–æ–ª—å–Ω–æ–π. –ó–∞–∫–∞–∑–∞–ª–∞ –∏–º–µ–Ω–Ω–æ –Ω–æ–≤—É—é –º–æ–¥–µ–ª—å, –∞ –ø—Ä–∏—à–ª–∞ —É—Ü–µ–Ω–∫–∞. –í–∞—Ä–∏–∞–Ω—Ç–æ–≤ –æ—Ç–∫–∞–∑–∞—Ç—å—Å—è –∏ –≤–µ—Ä–Ω—É—Ç—å —Ç–æ–≤–∞—Ä, –∫ —Å–æ–∂–∞–ª–µ–Ω–∏—é —É –º–µ–Ω—è –Ω–µ –±—ã–ª–æ.",0,0,EL-CASTLE
–ú–µ—Å—è—Ü –Ω–∞–∑–∞–¥,–í–æ–ª–≥–æ–≥—Ä–∞–¥,1,–ù–µ —É–∫–∞–∑–∞–Ω–æ,–ù–µ —É–∫–∞–∑–∞–Ω–æ,—Ç–æ–≤–∞—Ä –ø—Ä–∏—à–µ–ª –≤–æ—Å—Å—Ç–∞–Ω–æ–≤–ª–µ–Ω–Ω—ã–π,"–¢–æ–≤–∞—Ä –ø–æ–∫—É–ø–∞–ª—Å—è –∫–∞–∫ –Ω–æ–≤—ã–π, –ø—Ä–∏—à–µ–ª —Ç–æ–≤–∞—Ä –≤–æ—Å—Å—Ç–∞–Ω–æ–≤–ª–µ–Ω–Ω—ã–π —Å –∫–∞–∫–∏–º–∏ —Ç–æ –∑–∞–∑—É–±—Ä–∏–Ω–∞–º–∏ –Ω–∞ –∫–∞–º–µ—Ä–µ",0,0,Digital Planet
2 –º–µ—Å—è—Ü–∞ –Ω–∞–∑–∞–¥,–í–µ–ª–∏–∫–∏–π –ù–æ–≤–≥–æ—Ä–æ–¥,1,–º–µ–Ω–µ–µ –º–µ—Å—è—Ü–∞,–Ω–µ –Ω–∞—à–µ–ª,"–ø–æ–∫—É–ø–∞–ª—Å—è –∫–∞–∫ –Ω–æ–≤—ã–π, –æ–∫–∞–∑–∞–ª—Å—è –≤–æ–æ—Å—Ç–∞–Ω–æ–≤–ª–µ–Ω–Ω—ã–º",–±—É–¥–µ–º –≤–æ–∑–≤—Ä–∞—â–∞—Ç—å —Ç–æ–≤–∞—Ä –ø–æ –ø—Ä–∏—á–∏–Ω–µ –Ω–µ—Å–æ–æ—Ç–≤–µ—Ç—Å—Ç–≤–∏—è –∑–∞—è–≤–ª–µ–Ω–Ω–æ–º—É,0,0,ID Store
–ú–µ—Å—è—Ü –Ω–∞–∑–∞–¥,–ù–æ–≤–æ—Å–∏–±–∏—Ä—Å–∫,1,–ù–µ —É–∫–∞–∑–∞–Ω–æ,–ù–µ —É–∫–∞–∑–∞–Ω–æ,–¢—É—Å–∫–ª—ã–π —ç–∫—Ä–∞–Ω –∏ –æ—á–µ–Ω—å –±—ã—Å—Ç—Ä–æ —Å–∞–¥–∏—Ç—Å—è –±–∞—Ç–∞—Ä–µ—è,–ù–µ —É–∫–∞–∑–∞–Ω–æ,0,0,Techno Shop 66
3 –º–µ—Å—è—Ü–∞ –Ω–∞–∑–∞–¥,–°–∞–Ω–∫—Ç-–ü–µ—Ç–µ—Ä–±—É—Ä–≥,1,–º–µ–Ω–µ–µ –º–µ—Å—è—Ü–∞,–ù–µ —É–∫–∞–∑–∞–Ω–æ,"–ü—Ä–∏–≤–µ–∑–ª–∏ –±/—É —Ç–µ–ª–µ—Ñ–æ–Ω, —Ö–æ—Ç—è –±—ã–ª–æ –∑–∞—è–≤–ª–µ–Ω–æ, —á—Ç–æ –æ–Ω –Ω–æ–≤—ã–π.","–ü–æ–∫—É–ø–∞–ª–∏ –Ω–æ–≤—ã–π —Ç–µ–ª–µ—Ñ–æ–Ω, –Ω–æ –ø—Ä–∏—à–µ–ª –±/—É —Å –ø–æ–º–µ—Ç–∫–æ–π –≤ –æ–ø–∏—Å–∞–Ω–∏–∏, —Ç–æ —á—Ç–æ —è –±—ã–ª–∞ –≤ —à–æ–∫–µ –Ω–∏—á–µ–≥–æ –Ω–µ —Å–∫–∞–∑–∞—Ç—å.",0,0,1Store.
2 –º–µ—Å—è—Ü–∞ –Ω–∞–∑–∞–¥,–•–∏–º–∫–∏,1,–Ω–µ—Å–∫–æ–ª—å–∫–æ –º–µ—Å—è—Ü–µ–≤,–ù–µ —É–∫–∞–∑–∞–Ω–æ,–°–ø—É—Å—Ç—è –ø–æ—á—Ç–∏ –º–µ—Å—è—Ü –ø—Ä–∏ –∑–∞—Ä—è–¥–∫–µ —Å—Ç–∞–ª –æ—á–µ–Ω—å —Å–∏–ª—å–Ω–æ –Ω–∞–≥—Ä–µ–≤–∞—Ç—å—Å—è,–ù–µ —É–∫–∞–∑–∞–Ω–æ,0,1,S.Store
2 –º–µ—Å—è—Ü–∞ –Ω–∞–∑–∞–¥,–ö–∞–∑–∞–Ω—å,1,–º–µ–Ω–µ–µ –º–µ—Å—è—Ü–∞,–ù–µ —É–∫–∞–∑–∞–Ω–æ,"–∫–æ—Ä–æ–±–∫–∞ –≥—Ä—è–∑–Ω–∞—è, —É–ø–∞–∫–æ–≤–∞–Ω –ø–ª–æ—Ö–æ, –ø—É–ø—ã—Ä—á–∏—Ç–æ–π –ø–ª—ë–Ω–∫–æ–π –Ω–µ –æ–±–µ—Ä–Ω—É—Ç, —Å–∞–º–∞ –∫–æ—Ä–æ–±–∫–∞ –∞–π—Ñ–æ–Ω–∞ —Ç–æ–∂–µ –≥—Ä—è–∑–Ω–∞—è ,–ø–æ—Ç–µ—Ä—Ç–∞—è,–∫–∞–∫ –±—É.",–ù–µ —É–∫–∞–∑–∞–Ω–æ,0,0,TIGIAL
4 –º–µ—Å—è—Ü–∞ –Ω–∞–∑–∞–¥,–ú–æ—Å–∫–≤–∞,1,–ù–µ —É–∫–∞–∑–∞–Ω–æ,"–ù–∞–¥–µ—é—Å—å, —á—Ç–æ —Ç–µ–ª–µ—Ñ–æ–Ω —Ö–æ—Ç—è –±—ã —Ä–∞–±–æ—á–∏–π.","–ü—Ä–∏—à–µ–ª –≤ –≥—Ä—è–∑–Ω–æ–π –∑–∞–ª—è–ø–∞–Ω–Ω–æ–π –∫–æ—Ä–æ–±–∫–µ —Å–æ —Å–±–∏—Ç—ã–º —É–≥–æ–ª–∫–æ–º. –Ø –ø–æ–∫—É–ø–∞–ª —ç—Ç–æ—Ç —Ç–µ–ª–µ—Ñ–æ–Ω –Ω–µ –¥–ª—è —Å–µ–±—è, –∞ –≤ –ø–æ–¥–∞—Ä–æ–∫. –í–µ—Å—å –∫–æ—Ä–ø—É—Å –≤ –æ—Ç–ø–µ—á–∞—Ç–∫–∞—Ö –ø–∞–ª—å—Ü–µ–≤, –∞ –Ω–∞–∫–ª–µ–π–∫–∏ –æ—Å—Ç–∞–≤–∏–ª–∏ –ø–æ—Å–ª–µ —Å–µ–±—è —Å–æ–≤–µ—Ä—à–µ–Ω–Ω–æ —É—Ä–æ–¥—Å–∫–∏–µ —Å–ª–µ–¥—ã –Ω–∞ –∫–æ—Ä–æ–±–∫–µ, –∏ –≤—Å–µ —ç—Ç–æ –≤–æ–Ω—è–µ—Ç –∫–ª–µ–µ–º.",–ù–µ —É–∫–∞–∑–∞–Ω–æ,0,0,Apple Gallery
3 –º–µ—Å—è—Ü–∞ –Ω–∞–∑–∞–¥,–ö–∞–∑–∞–Ω—å,1,–º–µ–Ω–µ–µ –º–µ—Å—è—Ü–∞,–°–æ–º–Ω–µ–≤–∞—é—Å—å –≤ –æ—Ä–∏–≥–∏–Ω–∞–ª—å–Ω–æ—Å—Ç–∏,–í—Å–µ –Ω–∞ –∫–∏—Ç–∞–π—Å–∫–æ–º,–ù–µ—Ç —Ñ–µ–π—Å —Ç–∞–º –∏ –∫—É—á–∏ —Ñ—É–Ω–∫—Ü–∏–π –∫–∞–º–µ—Ä–∞ —Ä–∞–∑–º—ã—Ç–∞,0,0,Digital Planet
3 –º–µ—Å—è—Ü–∞ –Ω–∞–∑–∞–¥,–ü–µ—Ç—Ä–æ–∑–∞–≤–æ–¥—Å–∫,1,–ù–µ —É–∫–∞–∑–∞–Ω–æ,–•–æ—Ä–æ—à–∏–π —Ç–µ–ª–µ—Ñ–æ–Ω,"—á–µ—Ä–µ–∑ 22 –¥–Ω—è –∏—Å–ø–æ–ª—å–∑–æ–≤–∞–Ω–∏—è –ø–æ—è–≤–∏–ª–∞—Å—å –ø—Ä–æ–±–ª–µ–º–∞, ""–ù–µ—Ç —Å–µ—Ç–∏"" –Ω–µ –≤–∏–¥–∏—Ç —Å–∏–º –∫–∞—Ä—Ç—É, –ø–µ—Ä–µ–∑–∞–ø—É—Å–∫ –Ω–µ –ø–æ–º–æ–≥",—Ç–µ–ª–µ—Ñ–æ–Ω —Ç–∞–∫ –∏ –Ω–µ —Ä–∞–±–æ—Ç–∞–µ—Ç,0,0,Hi-Tech Store
3 –º–µ—Å—è—Ü–∞ –Ω–∞–∑–∞–¥,–ö–∞–∑–∞–Ω—å,1,–ù–µ —É–∫–∞–∑–∞–Ω–æ,–ù–µ —É–∫–∞–∑–∞–Ω–æ,–ù–µ —É–∫–∞–∑–∞–Ω–æ,–ó–∞–∫–∞–∑–∞–ª–∞ –Ω–æ–≤—ã–π —Ç–µ–ª–µ—Ñ–æ–Ω. –ü—Ä–∏—à–µ–ª –±/—É—à–Ω—ã–π. –ó–∞—á–µ–º —Ç–∞–∫ –æ–±–º–∞–Ω—ã–≤–∞—Ç—å –ø–æ–∫—É–ø–∞—Ç–µ–ª–µ–π?,0,0,–ù–µ–∏–∑–≤–µ—Å—Ç–Ω–æ
3 –º–µ—Å—è—Ü–∞ –Ω–∞–∑–∞–¥,–¢–∞–º–±–æ–≤,1,–º–µ–Ω–µ–µ –º–µ—Å—è—Ü–∞,–ê–π—Ñ–æ–Ω,4 —á–∞—Å–∞ –∏ –∞–∫—É–º –≤ –Ω–æ–ª—å,–ê–∫—É–º —Ä–∞–∑—Ä—è–∂–∞–µ—Ç—Å—è –≤ –Ω–æ–ª—å,1,0,S.Store
5 –º–µ—Å—è—Ü–µ–≤ –Ω–∞–∑–∞–¥,–°–∞–º–∞—Ä–∞,1,–Ω–µ—Å–∫–æ–ª—å–∫–æ –º–µ—Å—è—Ü–µ–≤,–ù–µ —É–∫–∞–∑–∞–Ω–æ,–ó–∞ –∏—Å–ø–æ–ª—å–∑–æ–≤–∞–Ω–∏—è –æ–±—ã—á–Ω—ã—Ö –º–µ—Å—Å–µ–Ω–¥–∂–µ—Ä–æ–≤ –Ω–µ –Ω–∞ –ø–æ—Å—Ç–æ—è–Ω–Ω–æ–π –æ—Å–Ω–æ–≤–µ –Ω–∞—á–∞–ª–∏ –ø–∞–¥–∞—Ç—å –±—ã—Å—Ç—Ä–æ % .–°–ø—É—Å—Ç—è –º–µ–Ω—å—à–µ –ø–æ–ª –≥–æ–¥–∞ —É–∂–µ —Ç–µ–ª–µ—Ñ–æ–Ω –∏–º–µ–µ—Ç–µ 92% .–¢–µ–ª–µ—Ñ–æ–Ω –Ω–∞–≥—Ä–µ–≤–∞–µ—Ç—Å—è –¥–æ —Ç–∞–∫–æ–π —Å—Ç–µ–ø–µ–Ω–∏ —á—Ç–æ –µ–≥–æ –Ω–µ –≤–æ–∑–º–æ–∂–Ω–æ –¥–µ—Ä–∂–∞—Ç—å .–ò–∑–æ–æ–±—Ä–∞–∂–µ–Ω–∏—è –¥–≤–æ—è—Ç—Å—è .–ß—Ç–æ –¥–µ–ª–∞—Ç—å —Å —Ç–µ–ª–µ—Ñ–æ–Ω–æ–º –Ω–µ –∏–∑–≤–µ—Å—Ç–Ω–æ,–ù–µ —É–∫–∞–∑–∞–Ω–æ,0,0,PRO-Store
3 –º–µ—Å—è—Ü–∞ –Ω–∞–∑–∞–¥,–°–∞–Ω–∫—Ç-–ü–µ—Ç–µ—Ä–±—É—Ä–≥,1,–º–µ–Ω–µ–µ –º–µ—Å—è—Ü–∞,–ü—Ä–∞–≤–¥–∞ –ø–æ–¥–æ–±–Ω–∞—è —Ä–µ–ø–ª–∏–∫–∞,"–ù–µ –æ—Ä–∏–≥–∏–Ω–∞–ª, –∫–∞–º–µ—Ä–∞ –ø–æ –∫–∞—á–µ—Å—Ç–≤—É —Å–∏–ª—å–Ω–æ –æ—Ç–ª–∏—á–∞–µ—Ç—Å—è",–°–≤–æ–∏ 71000 –Ω–µ —Å—Ç–æ–∏—Ç –∞–±—Å–æ–ª—é—Ç–Ω–æ,0,0,Apple Gallery
3 –º–µ—Å—è—Ü–∞ –Ω–∞–∑–∞–¥,–ü–∞—Ä–≥–æ–ª–æ–≤–æ,1,–ù–µ —É–∫–∞–∑–∞–Ω–æ,–ù–µ —É–∫–∞–∑–∞–Ω–æ,–ù–µ —Ä–∞–±–æ—Ç–∞–µ—Ç –æ—Å–Ω–æ–≤–Ω–æ–π –∫–∞–º–µ—Ä–∞,–ù–µ —É–∫–∞–∑–∞–Ω–æ,0,0,Digital Planet
4 –º–µ—Å—è—Ü–∞ –Ω–∞–∑–∞–¥,–í–æ—Å–∫—Ä–µ—Å–µ–Ω—Å–∫,1,–º–µ–Ω–µ–µ –º–µ—Å—è—Ü–∞,–Ω–µ –Ω–∞—à–ª–∏ –∏—Ö,–Ω–∞—á–∞–ª –≥–ª—é—á–∏—Ç—å –Ω–∞ 2–æ–π –¥–µ–Ω—å,"–ø–æ–∫—É–ø–∞–ª—Å—è –Ω–æ–≤—ã–π. –Ω–æ –Ω–∞—á–∞–ª –≥–ª—é—á–∏—Ç—å –Ω–∞ 2–æ–π –¥–µ–Ω—å,–æ—á–µ–Ω—å —Å—Ç—Ä–∞–Ω–Ω–æ –∏ –∂–∞–ª–∫–æ...–ù–ï –°–û–í–ï–¢–£–Æ –î–ê–ù–ù–û–ì–û –ü–†–û–î–û–í–¶–ê",0,0,Dicentre
3 –º–µ—Å—è—Ü–∞ –Ω–∞–∑–∞–¥,–ú–æ—Å–∫–≤–∞,1,–Ω–µ—Å–∫–æ–ª—å–∫–æ –º–µ—Å—è—Ü–µ–≤,–ù–µ —É–∫–∞–∑–∞–Ω–æ,–ù–µ —É–∫–∞–∑–∞–Ω–æ,–ü–µ—Ä–µ—Å—Ç–∞–ª–∏ –∑–∞—Ä—è–∂–∞—Ç—å—Å—è —á–µ—Ä–µ–∑ 2 –¥–Ω—è,0,1,NAVITOYS
3 –º–µ—Å—è—Ü–∞ –Ω–∞–∑–∞–¥,–ö—Ä–∞—Å–Ω–æ–¥–∞—Ä,1,–Ω–µ—Å–∫–æ–ª—å–∫–æ –º–µ—Å—è—Ü–µ–≤,–ì–æ–¥–∞ –Ω–µ—Ç –∏ –Ω–∞—á–∞–ª —Ç—Ä–æ–∏—Ç—å,–ù–µ —É–∫–∞–∑–∞–Ω–æ,–ù–µ —É–∫–∞–∑–∞–Ω–æ,1,0,istore93
4 –º–µ—Å—è—Ü–∞ –Ω–∞–∑–∞–¥,–ù–∞–±–µ—Ä–µ–∂–Ω—ã–µ –ß–µ–ª–Ω—ã,1,–º–µ–Ω–µ–µ –º–µ—Å—è—Ü–∞,–ù–µ —É–∫–∞–∑–∞–Ω–æ,–ù–µ —É–∫–∞–∑–∞–Ω–æ,–ü—Ä–∏–≤–µ–∑–ª–∏ —É–∂–µ –∞–∫—Ç–∏–≤–∏—Ä–æ–≤–∞–Ω–Ω—ã–π —Ç–µ–ª–µ—Ñ–æ–Ω –∏ –∑–∞–∫–ª–µ–µ–Ω—ã–π —á–µ–º —Ç–æ —Ö–æ—Ç—è —è –∑–∞–∫–∞–∑—ã–≤–∞–ª–∞ –Ω–æ–≤—ã–π,0,0,Big-Apple
4 –º–µ—Å—è—Ü–∞ –Ω–∞–∑–∞–¥,–°–∞–±—É—Ä–æ–≤–æ,1,–º–µ–Ω–µ–µ –º–µ—Å—è—Ü–∞,–û—Ä–∏–≥–∏–Ω–∞–ª,"–ü—Ä–∏—Å–ª–∞–ª–∏ –Ω–µ —Ç–æ—Ç —Ç–µ–ª–µ—Ñ–æ–Ω. –ó–∞–∫–∞–∑—ã–≤–∞–ª —Å –Ω–∞–Ω–æ –∏ –µ —Å–∏–º, –ø—Ä–∏—Å–ª–∞–ª–∏ —Å –¥–≤—É–º—è –Ω–∞–Ω–æ —Å–∏–º, –ø—Ä–æ–¥–∞–≤–µ—Ü –Ω–∞ —ç—Ç–æ –Ω–∏—á–µ–≥–æ –Ω–µ –æ—Ç–≤–µ—á–∞–µ—Ç.",–ù–µ —É–∫–∞–∑–∞–Ω–æ,0,0,Boutique VB
4 –º–µ—Å—è—Ü–∞ –Ω–∞–∑–∞–¥,–ú–æ—Å–∫–≤–∞,1,–º–µ–Ω–µ–µ –º–µ—Å—è—Ü–∞,–ù–µ —É–∫–∞–∑–∞–Ω–æ,–ü–ª–æ—Ö–æ —Ä–∞–±–æ—Ç–∞—Ç—å –∞–∫–∫—É–º—É–ª—è—Ç–æ—Ä –≤–æ–æ–±—â–µ –Ω–µ –¥–µ—Ä–∂–∏—Ç,–ù–µ —É–∫–∞–∑–∞–Ω–æ,0,0,–ú–µ–≥–∞–±–∏—Ç –¢—Ä–µ–π–¥
4 –º–µ—Å—è—Ü–∞ –Ω–∞–∑–∞–¥,–ë–µ—Ä–¥—Å–∫,1,–Ω–µ—Å–∫–æ–ª—å–∫–æ –º–µ—Å—è—Ü–µ–≤,–ù–µ —É–∫–∞–∑–∞–Ω–æ,–ü–æ—è–≤–∏–ª—Å—è –±—Ä–∞–∫ –≤ –≥–æ—Ä–∏–∑–æ–Ω—Ç–∞–ª—å–Ω–æ–π –∫–∞–º–µ—Ä–µ. –ü—Ä–æ–¥–∞–≤–µ—Ü –Ω–µ –≤—ã—Ö–æ–¥–∏—Ç –Ω–∞ —Å–≤—è–∑—å –∏ –Ω–µ –¥–æ—Å—Ç—É–ø–µ–Ω. –ù–µ —Ä–µ–∫–æ–º–µ–Ω–¥—É—é,–ù–µ —É–∫–∞–∑–∞–Ω–æ,0,0,EAC shop
4 –º–µ—Å—è—Ü–∞ –Ω–∞–∑–∞–¥,–ü–∞–≤–ª–æ–≤—Å–∫–∏–π –ü–æ—Å–∞–¥,1,–º–µ–Ω–µ–µ –º–µ—Å—è—Ü–∞,–í—Å–µ –æ–∫,"–†–µ–±–µ–Ω–æ–∫ —Ä–∞—Å—Å—Ç—Ä–æ–µ–Ω , —Ç–µ–ª–µ—Ñ–æ–Ω –≤–æ—Å—Å—Ç–∞–Ω–æ–≤–ª–µ–Ω–Ω—ã–π , –ø—Ä–æ–≤–µ—Ä—è–π—Ç–µ —Å—Ä–∞–∑—É ,",–î–∞,0,0,Techno Storm
6 –º–µ—Å—è—Ü–µ–≤ –Ω–∞–∑–∞–¥,–ü–æ—Å—ë–ª–æ–∫ —Å–æ–≤—Ö–æ–∑–∞ –∏–º–µ–Ω–∏ –õ–µ–Ω–∏–Ω–∞,1,–º–µ–Ω–µ–µ –º–µ—Å—è—Ü–∞,–ù–µ —É–∫–∞–∑–∞–Ω–æ,"–ù–µ –∑–Ω–∞—é —É –º–µ–Ω—è –∏–ª–∏ —É –≤—Å–µ—Ö , —Ç–µ–ª–µ—Ñ–æ–Ω –Ω–µ –ø–ª–∞–≤–Ω–æ —Ä–∞–±–æ—Ç–∞–µ—Ç , –∫–∞–∫ –±—É–¥—Ç–æ –∫–∞–∫ 11 –∞–π—Ñ–æ–Ω , —Å 11 –∞–π—Ñ–æ–Ω–æ–º –Ω–µ—Ç —Ä–∞–∑–Ω–∏—Ü—ã , –ª–∏–±–æ –º–æ–π —Ç–µ–ª–µ—Ñ–æ–Ω –∫–∞–∫–æ–π —Ç–æ –Ω–µ –æ—Ä–∏–≥–∏–Ω–∞–ª—å–Ω—ã–π","–ë–µ—Ä–∏—Ç–µ –ø—Ä–æ –≤–µ—Ä—Å–∏—é , –µ—Å–ª–∏ –Ω—Ä–∞–≤–∏—Ç—Å—è –±—ã—Å—Ç—Ä—ã–µ —Ç–µ–ª–µ—Ñ–æ–Ω—ã",0,0,ID Store
4 –º–µ—Å—è—Ü–∞ –Ω–∞–∑–∞–¥,–¢—É–ª–∞,1,–º–µ–Ω–µ–µ –º–µ—Å—è—Ü–∞,–ù–µ —É–∫–∞–∑–∞–Ω–æ,"–≠—Ç–æ –æ—Ä–∏–≥–∏–Ω–∞–ª, –Ω–æ –æ–Ω –Ω–µ –Ω–æ–≤—ã–π. –ï–º—É 2 –º–µ—Å—è—Ü–∞! –û–±–º–∞–Ω !",–ù–µ —É–∫–∞–∑–∞–Ω–æ,0,0,Boutique VB
4 –º–µ—Å—è—Ü–∞ –Ω–∞–∑–∞–¥,–ë–∞—Ä–Ω–∞—É–ª,1,–º–µ–Ω–µ–µ –º–µ—Å—è—Ü–∞,–ù–µ —É–∫–∞–∑–∞–Ω–æ,–¢–µ–ª–µ—Ñ–æ–Ω –±—ã–ª –Ω–µ –Ω–æ–≤—ã–π . –ê–∫—Ç–∏–≤–∏—Ä–æ–≤–∞–Ω–Ω—ã–π,–ù–µ —É–∫–∞–∑–∞–Ω–æ,0,0,STRUKTURA
4 –º–µ—Å—è—Ü–∞ –Ω–∞–∑–∞–¥,–î—É–±–Ω–∞,1,–ù–µ —É–∫–∞–∑–∞–Ω–æ,–ù–µ —É–∫–∞–∑–∞–Ω–æ,–∫–∞–±–µ–ª—å –ø–æ—Ç–¥–µ–ª–∫–∞,–ù–µ —É–∫–∞–∑–∞–Ω–æ,0,0,New Media
4 –º–µ—Å—è—Ü–∞ –Ω–∞–∑–∞–¥,–°–∞–Ω–∫—Ç-–ü–µ—Ç–µ—Ä–±—É—Ä–≥,1,–ù–µ —É–∫–∞–∑–∞–Ω–æ,–ù–µ —É–∫–∞–∑–∞–Ω–æ,–í—Å–∫—Ä—ã—Ç—ã–π,–ù–µ —É–∫–∞–∑–∞–Ω–æ,1,0,TECHNOTON
5 –º–µ—Å—è—Ü–µ–≤ –Ω–∞–∑–∞–¥,–ö—Ä–∞—Å–Ω–æ–¥–∞—Ä,1,–Ω–µ—Å–∫–æ–ª—å–∫–æ –º–µ—Å—è—Ü–µ–≤,–Ω–∏–∫–∞–∫–∏—Ö,"–≤–∏–¥–∏–º–æ –ø–µ—Ä–µ–ø—Ä–æ—à–∏—Ç—ã–π —Ç–µ–ª–µ—Ñ–æ–Ω, –ø–æ—Å–∫–æ–ª—å–∫—É —Å —Ç–µ—á–µ–Ω–∏–∏ –≤—Ä–µ–º–µ–Ω–∏ –≤—ã—Å–≤–µ—á–∏–≤–∞–µ—Ç—Å—è —á—É–∂–æ–π —ç–ø–ª –∞–π–¥–∏",–ù–µ —É–∫–∞–∑–∞–Ω–æ,2,1,1pad
5 –º–µ—Å—è—Ü–µ–≤ –Ω–∞–∑–∞–¥,–ë–µ–ª–≥–æ—Ä–æ–¥,1,–ù–µ —É–∫–∞–∑–∞–Ω–æ,–ù–µ—Ç,–ü—Ä–∏—Å–ª–∞–ª–∏ –∑–∞–≤–µ–¥–æ–º–æ –±/—É —Ç–µ–ª–µ—Ñ–æ–Ω. –ù–µ —Å–æ–≤–µ—Ç—É—é –ø–æ–∫—É–ø–∞—Ç—å —É –Ω–∏—Ö,–ù–µ —É–∫–∞–∑–∞–Ω–æ,0,0,–ù–µ–∏–∑–≤–µ—Å—Ç–Ω–æ
6 –º–µ—Å—è—Ü–µ–≤ –Ω–∞–∑–∞–¥,–†–æ—Å—Ç–æ–≤-–Ω–∞-–î–æ–Ω—É,1,–ù–µ —É–∫–∞–∑–∞–Ω–æ,–ù–µ —É–∫–∞–∑–∞–Ω–æ,"–°–±–æ—Ä–∫–∞ –æ–∫–∞–∑–∞–ª–∞—Å—å —Ö—É–∂–µ —á–µ–º –±—ã–ª –ø—Ä–æ—à–ª—ã–π —Ç–µ–ª–µ—Ñ–æ–Ω,13 –∫–æ—Ç–æ—Ä–æ–º—É –ø–∞—Ä—É –ª–µ—Ç —Ä–∞–±–æ—Ç–∞—é—Ç —Å—Ç–∞–±–∏–ª—å–Ω–µ–µ –Ω–æ–≤–æ–π 14))",–ù–µ —É–∫–∞–∑–∞–Ω–æ,0,1,Tech_Story
8 –º–µ—Å—è—Ü–µ–≤ –Ω–∞–∑–∞–¥,–ë—Ä—è–Ω—Å–∫,1,–º–µ–Ω–µ–µ –º–µ—Å—è—Ü–∞,"–•–æ—Ä–æ—à–∏–π —Ç–µ–ª–µ—Ñ–æ–Ω , —Ä–µ–∫–æ–º–µ–Ω–¥—É—é","–ü–µ—Ä–µ—Å—Ç–∞–ª –∑–∞—Ä—è–∂–∞—Ç—å—Å—è –æ—Ç —à–Ω—É—Ä–∞ , —Å—Ç–æ—è–ª –Ω–∞ –∑–∞—Ä—è–¥–∫–µ –∫–æ–≥–¥–∞ —è –µ–≥–æ —Å–Ω—è–ª –æ–±–Ω–∞—Ä—É–∂–∏–ª —á—Ç–æ —Ç–µ–ª–µ—Ñ–æ–Ω –Ω–µ –∑–∞—Ä—è–∂–∞–µ—Ç—Å—è , –∏ —Ç–µ–ø–µ—Ä—å –Ω–µ –≤–∏–¥–∏—Ç –Ω–∏–∫–∞–∫–æ–π —à–Ω—É—Ä ,–ø–æ–ª—å–∑–æ–≤–∞–ª—Å—è –æ—Ä–∏–≥–∏–Ω–∞–ª–æ–º",–ì–∞—Ä–∞–Ω—Ç–∏–∏ –Ω–µ—Ç –ø–æ—ç—Ç–æ–º—É –¥—É–º–∞–π—Ç–µ,0,0,PRO-Store
7 –º–µ—Å—è—Ü–µ–≤ –Ω–∞–∑–∞–¥,–ú–æ—Å–∫–≤–∞,1,–ù–µ —É–∫–∞–∑–∞–Ω–æ,–ù–µ —É–∫–∞–∑–∞–Ω–æ,–û—á–µ–Ω—å —Ç—É–ø–∏—Ç . –ù—É–∂–Ω–æ –æ—Ç–¥–∞—Ç—å –ø–æ –≥–∞—Ä–∞–Ω—Ç–∏–∏,–ù–µ —É–∫–∞–∑–∞–Ω–æ,0,0,KosmoSquad
9 –º–µ—Å—è—Ü–µ–≤ –Ω–∞–∑–∞–¥,–í–æ—Ä–æ–Ω–µ–∂,1,–º–µ–Ω–µ–µ –º–µ—Å—è—Ü–∞,–ù–µ —É–∫–∞–∑–∞–Ω–æ,"–ù–µ —Ä–µ–∫–æ–º–µ–Ω–¥—É—é –ø—Ä–æ–¥–∞–≤—Ü–∞. –ü—Ä–∏—Å–ª–∞–ª —Ç–µ–ª–µ—Ñ–æ–Ω –±–µ–∑ –µ—Å–∏–º. –í –∏—Ç–æ–≥–µ —É –º–µ–Ω—è —Ç–µ–ª–µ—Ñ–æ–Ω, –∫–æ—Ç–æ—Ä—ã–π –ø–æ–¥–¥–µ—Ä–∂–∏–≤–∞–µ—Ç —Ç–æ–ª—å–∫–æ –æ–¥–Ω—É —Å–∏–º-–∫–∞—Ä—Ç—É, –∞ –µ—Å–∏–º –Ω–µ—Ç. –ö–∞–∫ –∏—Ç–æ–≥: —Ä–∞–±–æ—á–∞—è –µ—Å–∏–º –Ω–µ —Ä–∞–±–æ—Ç–∞–µ—Ç",–ù–µ —É–∫–∞–∑–∞–Ω–æ,0,0,–ü–∏—Ç–µ—Ä –ú–∞—Ä–∫–µ—Ç
4 –º–µ—Å—è—Ü–∞ –Ω–∞–∑–∞–¥,–ú–æ—Å–∫–≤–∞,2,–º–µ–Ω–µ–µ –º–µ—Å—è—Ü–∞,–≤–Ω–∞—á–∞–ª–µ –≤—Å–µ –±—ã–ª–æ —Ö–æ—Ä–æ—à–æ,"1. —Å–ø—É—Å—Ç—è –ø–æ—á—Ç–∏ –º–µ—Å—è—Ü –∏—Å–ø–æ–ª—å–∑–æ–≤–∞–Ω–∏—è –Ω–∞—á–∞–ª –≥–ª—é—á–∏—Ç—å –∏ –∏–Ω–æ–≥–¥–∞ –ø–µ—Ä–µ—É—Å—Ç–∞–Ω–∞–≤–ª–∏–≤–∞—Ç—å—Å—è, –∫–∞–∫ –ø–æ—Å–ª–µ –ø–µ—Ä–µ–≥—Ä—É–∑–∫–∏ –ø–∞–º—è—Ç–∏ –Ω–∞ —Ç–µ–ª–µ—Ñ–æ–Ω–µ, –±—ã–ª–æ —Ç–∞–∫–æ–µ, —á—Ç–æ –ø—Ä–æ–ø–∞–¥–∞–ª–∏ –∫–Ω–æ–ø–∫–∏ –æ—Ç–≤–µ—Ç–∞ –Ω–∞ –∑–≤–æ–Ω–æ–∫ –∏ –≤—ã–∫–ª—é—á–µ–Ω–∏—è –∏ —ç—Ç–æ –≤—Å–µ, —Å —É—á–µ—Ç–æ–º —Ç–æ–≥–æ —á—Ç–æ —Ç–µ–ª–µ—Ñ–æ–Ω –Ω–∏–∫–æ–≥–¥–∞ –Ω–∏–∫—É–¥–∞ –Ω–µ –ø–∞–¥–∞–ª, –Ω–∏ —á–µ–º –Ω–µ –∑–∞–ª–∏–≤–∞–ª—Å—è –∏ –≤ —Ü–µ–ª–æ–º —è –∞–∫–∫—É—Ä–∞—Ç–Ω–æ –æ–±—Ä–∞—â–∞—é—Å—å —Å –Ω–∏–º 2. –ø—Ä–æ—Å–≤–µ—Ç–∏–ª–∞ –ø–ª–æ–º–±—ã —É–ª—å—Ç—Ä–∞—Ñ–∏–æ–ª–µ—Ç–æ–º, –Ω–µ—Ç –æ—Ä–∏–≥–∏–Ω–∞–ª—å–Ω—ã—Ö —à—Ç—Ä–∏—Ö–∫–æ–¥–∏–∫–æ–≤ –Ω–∞ –ø–ª–æ–º–±–∞—Ö –Ω–∞ –∫–æ—Ä–æ–±–∫–µ 3. –ø—Ä–æ —Ä–∞–∑–¥–∞—á—É –∏–Ω—Ç–µ—Ä–Ω–µ—Ç–∞ –±–µ–∑ –∫–∞–±–µ–ª—è –º–æ–∂–µ—Ç–µ –∑–∞–±—ã—Ç—å, –¥—Ä—É–≥–∏–µ —É—Å—Ç—Ä–æ–π—Å—Ç–≤–∞ –ø—Ä–æ—Å—Ç–æ –Ω–µ –ø–æ–¥–∫–ª—é—á–∞—é—Ç—Å—è","–ü–æ–¥–æ–∑—Ä–µ–≤–∞—é —á—Ç–æ —Ç–µ–ª–µ—Ñ–æ–Ω –Ω–µ –æ—Ä–∏–≥–∏–Ω–∞–ª—å–Ω—ã–π, –ù–ï –°–û–í–ï–¢–£–Æ –∫ –ø–æ–∫—É–ø–∫–µ —É —ç—Ç–æ–≥–æ –ø—Ä–æ–¥–∞–≤—Ü–∞! –ë—É–¥—å—Ç–µ –≤–Ω–∏–º–∞—Ç–µ–ª—å–Ω–µ–µ –ø—Ä–∏ —Å—Ä—ã–≤–∞–Ω–∏–∏ –ø–ª–æ–º–±, –≤–æ–∑–º–æ–∂–Ω–æ –¥–æ –≤–∞—Å –∏—Ö —É–∂–µ —Ä–∞—Å–ø–µ—á–∞—Ç—ã–≤–∞–ª–∏ –∞–∫–∫—É—Ä–∞—Ç–Ω–æ —Å–∫–∞–ª—å–ø–µ–ª–µ–º –ø–æ –±–æ–∫–∞–º –∫–æ—Ä–æ–±–∫–∏",0,0,1Store.
11 –º–µ—Å—è—Ü–µ–≤ –Ω–∞–∑–∞–¥,–ú–æ—Å–∫–≤–∞,1,–Ω–µ—Å–∫–æ–ª—å–∫–æ –º–µ—Å—è—Ü–µ–≤,–î–æ—Ä–æ–≥–æ–≤–∏–∑–Ω–∞),"1. –î–∞–∂–µ —Ç–µ—Ö –ø—Ä–∏–ª–æ–∂–µ–Ω–∏–π —á—Ç–æ –º–æ–∂–Ω–æ –ø–æ—Å—Ç–∞–≤–∏—Ç—å –Ω–∞ 13 –∏ –Ω–∏–∂–µ –∏ —É–∂ —Ç–µ–º –±–æ–ª–µ–µ –Ω–∞ –∞–Ω–¥—Ä–æ–∏–¥, –Ω–∞ 14 —Å–∫–∞—á–∞—Ç—å –Ω–µ–ª—å–∑—è
2. –§—É–Ω–∫—Ü–∏–∏ –∑–≤–æ–Ω–∫–æ–≤ –ø–æ –≤–∞–π-—Ñ–∞–π –Ω–µ—Ç!!!
3. –ú–∞–ª–æ —Ä–µ–∂–∏–º–æ–≤ –∏ –Ω–∞—Å—Ç—Ä–æ–µ–∫ –∫–∞–º–µ—Ä—ã
4. –ü–ª–∞—Ç–Ω—ã–µ —Ñ—É–Ω–∫—Ü–∏–∏ (—Ö—Ä–∞–Ω–∏–ª–∏—â–µ –∏ —Ç.–ø.) –Ω–µ –æ–ø–ª–∞—Ç–∏—Ç—å, —Å –ø—Ä–µ–¥—ã–¥—É—â–µ–≥–æ –∏–Ω—Ñ–æ—Ä–º–∞—Ü–∏—è –∞–≤—Ç–æ–º–∞—Ç–æ–º —Ç–∞–∫ –∏ –Ω–µ –∑–∞–≥—Ä—É–∂–∞–µ—Ç—Å—è",–û—Ç–∫—Ä–æ–≤–µ–Ω–Ω—ã–π –ø—Ä–æ–ø–∞–¥–æ—Å. –ó–Ω–∞–ª–∞ –±—ã - –Ω–µ –∫—É–ø–∏–ª–∞ –±—ã,0,4,–ù–µ–∏–∑–≤–µ—Å—Ç–Ω–æ
–ù–µ–¥–µ–ª—é –Ω–∞–∑–∞–¥,–≠–ª–µ–∫—Ç—Ä–æ—É–≥–ª–∏,2,–ù–µ —É–∫–∞–∑–∞–Ω–æ,–ù–µ —É–∫–∞–∑–∞–Ω–æ,"–û—Ç–≤—Ä–∞—Ç–∏—Ç–µ–ª—å–Ω–æ –≤–æ—Å—Å—Ç–∞–Ω–æ–≤–ª–µ–Ω! –°–∞–º –∞–ø–ø–∞—Ä–∞—Ç –ª–∞–≥–∞–µ—Ç, –∫–∞–º–µ—Ä–∞ –≤–∏—Å–Ω–µ—Ç!","–ó–∞–∫–∞–∑–∞–ª —É —ç—Ç–æ–≥–æ –ø—Ä–æ–¥–∞–≤—Ü–∞ –¥–≤–∞ —Ç–µ–ª–µ—Ñ–æ–Ω–∞! –ü–µ—Ä–≤—ã–π –ø—Ä–∏—à–µ–ª - –≥—Ä–µ–µ—Ç—Å—è –∏ –æ—Ç–∫–ª—é—á–∞–µ—Ç—Å—è, –∑–∞–∫–∞–∑–∞–ª –≤—Ç–æ—Ä–æ–π - –∫–∞–º–µ—Ä–∞ –≤–∏—Å–Ω–µ—Ç!",0,0,Apple Future
9 –º–µ—Å—è—Ü–µ–≤ –Ω–∞–∑–∞–¥,–ú–æ—Å–∫–≤–∞,1,–Ω–µ—Å–∫–æ–ª—å–∫–æ –º–µ—Å—è—Ü–µ–≤,–ù–µ —É–∫–∞–∑–∞–Ω–æ,–û—á–µ–Ω—å —Å–∏–ª—å–Ω–æ –Ω–∞–≥—Ä–µ–≤–∞–µ—Ç—Å—è –ø—Ä–∏ –æ–±—ã—á–Ω–æ–π —Ä–∞–±–æ—Ç–µ. –ù–∞–ø—Ä–∏–º–µ—Ä –ø—Ä–∏ –≤—ã–∑–æ–≤–µ —á–µ—Ä–µ–∑ faceTime,–ù–µ —É–∫–∞–∑–∞–Ω–æ,7,6,video-shoper
2 –º–µ—Å—è—Ü–∞ –Ω–∞–∑–∞–¥,–ú–æ—Å–∫–≤–∞,2,–ù–µ —É–∫–∞–∑–∞–Ω–æ,–ü–æ–ª—å–∑–æ–≤–∞–ª—Å—è –∑–∞–º–µ—á–∞—Ç–µ–ª—å–Ω–æ –ø–µ—Ä–≤—ã–µ –¥–≤–∞ –º–µ—Å—è—Ü–∞,–°–ø—É—Å—Ç—è –¥–≤–∞ –º–µ—Å—è—Ü–∞ –æ—Ç–∫–∞–∑–∞–ª —ç–∫—Ä–∞–Ω. –ü–µ—Ä–µ—Å—Ç–∞–ª —Ä–µ–∞–≥–∏—Ä–æ–≤–∞—Ç—å –Ω–∞ –∫–∞—Å–∞–Ω–∏—è –∏ –ø—Ä–æ—Å—Ç–æ –Ω–∞ –∑–∞–±–ª–æ–∫–∏—Ä–æ–≤–∞–Ω–Ω–æ–º —ç–∫—Ä–∞–Ω–µ –≥—Ä–µ–µ—Ç—Å—è —Å–∏–ª—å–Ω–æ –≤ –Ω–∏–∂–Ω–µ–π —á–∞—Å—Ç–∏,–ù–µ –∑–Ω–∞—é –∫–∞–∫ –ø–æ—Å—Ç—É–ø–∏—Ç—å –∏ –∫–∞–∫ –≤–µ—Ä–Ω—É—Ç—å —Ç–æ–≤–∞—Ä,0,0,MoscowTradeOnline
11 –º–µ—Å—è—Ü–µ–≤ –Ω–∞–∑–∞–¥,–†–æ—Å—Ç–æ–≤-–Ω–∞-–î–æ–Ω—É,1,–º–µ–Ω–µ–µ –º–µ—Å—è—Ü–∞,–ö–∞–º–µ—Ä–∞,"–ù–µ–≤—ã–Ω–æ—Å–∏–º–æ –ø–æ–ª—å–∑–æ–≤–∞—Ç—å—Å—è –±–∞–Ω–∫–∞–º–∏, –∏—Ö –Ω–µ–≤–æ–∑–º–æ–∂–Ω–æ —Å–∫–∞—á–∞—Ç—å, —Ç–æ–ª—å–∫–æ —á–µ—Ä–µ–∑ —è—Ä–ª—ã–∫–∏ –±—Ä–∞—É–∑–µ—Ä–∞
–ù–µ–ª—å–∑—è –≤—ã–±–∏—Ä–∞—Ç—å —Å –∫–∞–∫–æ–π —Å–∏–º –∫–∞—Ä—Ç—ã –∑–≤–æ–Ω–∏—Ç—å, —Ç–æ–ª—å–∫–æ –≤—ã–±–∏—Ä–∞—Ç—å –æ—Å–Ω–æ–≤–Ω—É—é –∫–∞–∂–¥—ã–π —Ä–∞–∑","–Ø —Ä–∞–∑–æ—á–∞—Ä–æ–≤–∞–Ω–∞
–ü–µ—Ä–µ—Ö–æ–¥–∏–ª–∞ —Å –∞–Ω–¥—Ä–æ–∏–¥–∞. –ò –æ—á–µ–Ω—å –∂–∞–ª–µ—é –æ —Å–≤–æ–µ–º –º–∏–Ω—É—Ç–Ω–æ–º –∂–µ–ª–∞–Ω–∏–∏ –ø–æ–∑–Ω–∞–∫–æ–º–∏—Ç—å—Å—è —Å –∞–π—Ñ–æ–Ω–æ–º, —Å—Ç–æ–ª—å–∫–æ —Ç—Ä—É–¥–Ω–æ—Å—Ç–µ–π —è –µ—â–µ –Ω–µ –∏—Å–ø—ã—Ç—ã–≤–∞–ª–∞",2,6,–ë–∏–ª–∞–π–Ω - –æ—Ñ–∏—Ü–∏–∞–ª—å–Ω—ã–π –º–∞–≥–∞–∑–∏–Ω
–ú–µ—Å—è—Ü –Ω–∞–∑–∞–¥,–ö–ª–∏–Ω,2,–º–µ–Ω–µ–µ –º–µ—Å—è—Ü–∞,–¢–µ–ª–µ—Ñ–æ–Ω –Ω–∞—á–∏–Ω–∞–ª –≥—Ä–µ–µ—Ç—Å—è –∏ –Ω–µ –¥–µ—Ä–∂–∏—Ç –∑–∞—Ä—è–¥–∫–∞. –í—Å–µ–≥–æ –ª–∏—à—å –¥–≤–∞ –º–µ—Å—è—Ü–∞ –∏—Å–ø–æ–ª—å–∑—É—é,–ù–µ —É–∫–∞–∑–∞–Ω–æ,–ò–¥–µ–∞–ª—å–Ω–æ,0,0,iSales
9 –º–µ—Å—è—Ü–µ–≤ –Ω–∞–∑–∞–¥,–¢—é–º–µ–Ω—å,1,–Ω–µ—Å–∫–æ–ª—å–∫–æ –º–µ—Å—è—Ü–µ–≤,–ù–µ —É–∫–∞–∑–∞–Ω–æ,–ß–µ—Ä–µ–∑ –ø–æ–ª –≥–æ–¥–∞ –ø–æ–ª—å–∑–æ–≤–∞–Ω–∏—è –ø–µ—Ä–µ—Å—Ç–∞–ª —Ä–∞–±–æ—Ç–∞—Ç—å –¥–∏—Å–ø–ª–µ–π,–ù–µ —É–∫–∞–∑–∞–Ω–æ,0,0,E-SMART
–ú–µ—Å—è—Ü –Ω–∞–∑–∞–¥,–ú–æ—Å–∫–≤–∞,2,–ù–µ —É–∫–∞–∑–∞–Ω–æ,–ù–µ—Ç—É,–ù–∞–≥—Ä–µ–≤–∞–µ—Ç—Å—è –±–∞—Ç–∞—Ä–µ–π–∫–∞,"–°–±–æ—Ä–∫–∞ –∫–∏—Ç–∞–π—Å–∫–∞—è –æ–∫–∞–∑—ã–≤–∞–µ—Ç—Å—è, –Ω–µ –∑–Ω–∞–ª–∏",0,0,ElectroHome
–ì–æ–¥ –Ω–∞–∑–∞–¥,–î–æ–º–æ–¥–µ–¥–æ–≤–æ,1,–ù–µ —É–∫–∞–∑–∞–Ω–æ,–ù–∏ –∫–∞–∫–∏—Ö,–ù–µ —É–∫–∞–∑–∞–Ω–æ,"–ó–∞–∫–∞–∑–∞–ª –≤ –Æ–ü–û–†–¢ –¢–ï–•–ù–ò–ö–ê –∞–π—Ñ–æ–Ω 14 –Ω–∞ —Å–∏–º+–µ —Å–∏–º, –ø—Ä–∏—à—ë–ª —Ç–µ–ª–µ—Ñ–æ–Ω —Å –≤—Å–∫—Ä—ã—Ç–æ–π –ø–ª–æ–º–±–æ–π –¥–∞ –µ—â—ë –∏ –Ω–∞ –¥–≤–µ —Å–∏–º. –í—ã –∫–∞–∫ —Ç–∞–º —É–ø–∞–∫–æ–≤—ã–≤–∞–ª–∏? –£–ø–∞–∫–æ–≤–∞–ª–∏ –≤ —Ä–≤–∞–Ω—ã–π –∫—É—Å–æ–∫ –ø—É–ø—ã—Ä–∫–∏, —Ç–∞–∫–æ–π —Ç–æ–≤–∞—Ä –∏ —Ç–∞–∫ —É–ø–∞–∫–æ–≤–∞—Ç—å, —ç—Ç–æ –≤–æ–æ–±—â–µ –±–µ–∑—Ä–∞–∑–ª–∏—á–Ω–æ–µ –æ—Ç–Ω–æ—à–µ–Ω–∏–µ –∫ –∫–ª–∏–µ–Ω—Ç–∞–º. –ù–ï –°–û–í–ï–¢–£–Æ –≠–¢–û–¢ –ú–ê–ì–ê–ó–ò–ù. –ë–£–î–¨ –ê–ö–ö–£–†–ê–¢–ù–ï–ï –ò –ü–†–û–í–ï–†–Ø–ô–¢–ï –£–ü–ê–ö–û–í–ö–£ –ò –ú–ê–†–ö–ò–†–û–í–ö–£ –¢–ï–õ–ï–§–û–ù–ê. –í–æ–∑–≤—Ä–∞—Ç –æ—Ñ–æ—Ä–º–∏–ª, –¥–µ–Ω—å–≥–∏ –ø—Ä–∏—à–ª–∏ —Å—Ä–∞–∑—É. –ù–µ –∑–Ω–∞—é –Ω–∞ —á—Ç–æ —Ä–∞—Å—Å—á–∏—Ç—ã–≤–∞–ª –º–∞–≥–∞–∑–∏–Ω, –Ω–æ –æ—Ç–Ω–æ—à–µ–Ω–∏–µ –∫ –∫–ª–∏–µ–Ω—Ç–∞–º –æ—á–µ–Ω—å –ø–ª–æ—Ö–æ–µ, –º–æ–∂–Ω–æ –±—ã–ª–æ –ø–æ—Å—Ç–∞–≤–∏—Ç—å –º–µ–Ω—å—à–µ –∑–≤—ë–∑–¥, –ø–æ—Å—Ç–∞–≤–∏–ª –±—ã. –†—É–∫–æ–≤–æ–¥—Å—Ç–≤—É –Ω–µ –º–µ—à–∞–ª–æ –±—ã –ø—Ä–∏–Ω—è—Ç—å –º–µ—Ä—ã. –ó–ê–ö–ê–ó–´–í–ê–õ –í –Æ–ü–û–†–¢ –¢–ï–•–ù–ò–ö–ê. –ü—Ä–æ—Å—Ç–æ –æ—Ç–≤—Ä–∞—Ç–∏—Ç–µ–ª—å–Ω—ã–π –º–∞–≥–∞–∑–∏–Ω. –ó–∞—á–µ–º –æ—Ç–ø—Ä–∞–≤–ª—è—Ç—å –≤—Å–∫—Ä—ã—Ç—ã–π? –î–∞ –µ—â—ë –∏ –Ω–∞ 2 —Å–∏–º, –∑–∞–∫–∞–∑—ã–≤–∞–ª —Å–æ–≤—Å–µ–º –¥—Ä—É–≥–æ–π, –æ—á–µ–Ω—å –ü–õ–û–•–û–ï –æ—Ç–Ω–æ—à–µ–Ω–∏–µ –≤ –Æ–ü–û–†–¢ –¢–ï–•–ù–ò–ö–ê. –û–¢–í–†–ê–¢–ò–¢–ï–õ–¨–ù–û.",12,3,–ù–µ–∏–∑–≤–µ—Å—Ç–Ω–æ
2 –º–µ—Å—è—Ü–∞ –Ω–∞–∑–∞–¥,–õ–µ—Å–Ω–æ–π,2,–º–µ–Ω–µ–µ –º–µ—Å—è—Ü–∞,–ö–∞–∫ –æ–±–º–µ–Ω—è—Ç—å?,"–ë—Ä–∞–ª–∞ –ø–æ–¥ –æ–ø–∏—Å–∞–Ω–∏–µ–º –Ω–æ–≤—ã–π,–≤ –Ω–∞—Å—Ç—Ä–æ–π–∫–∞—Ö —É–∫–∞–∑–∞–Ω –∏—Å—Ç–µ–∫ —Å—Ä–æ–∫ ,–µ–≥–æ —á—Ç–æ,—É–∂–µ —á–∏–Ω–∏–ª–∏?",–ù–µ —É–∫–∞–∑–∞–Ω–æ,0,0,Xtech Store
11 –º–µ—Å—è—Ü–µ–≤ –Ω–∞–∑–∞–¥,–°–∞–º–∞—Ä–∞,1,–º–µ–Ω–µ–µ –º–µ—Å—è—Ü–∞,–ó–∞—Ç–æ –ø–æ–ª–æ–∂–∏–ª–∏ –±/—É —á–µ—Ö–æ–ª –ø—Ä–æ–∑—Ä–∞—á–Ω—ã–π –∫–æ—Ç–æ—Ä—ã–π —É–∂–µ –ø–æ–∂–µ–ª—Ç–µ–ª!!!,–ù–µ –ø–æ–ª–æ–∂–∏–ª–∏ –∫–∞–±–µ–ª—å –∑–∞—Ä—è–¥–∫–∏ –∏ –∏–≥–æ–ª–∫—É —á—Ç–æ–±—ã –æ—Ç–∫—Ä—ã—Ç—å —Å–ª–æ—Ç —Å–∏–º –∫–∞—Ä—Ç—ã,"–ü–æ—á–µ–º—É –ø–∏—à–∏—Ç–µ —á—Ç–æ –ø–æ–ª–Ω—ã–π –∫–æ–º–ø–ª–µ–∫—Ç, –∞ —Å–∞–º–∏ –ø–æ–ª–æ–∂–∏–ª–∏ –ø—Ä–æ—Å—Ç–æ —Ç–µ–ª–µ—Ñ–æ–Ω –∏ –∫–æ—Ä–æ–±–∫—É?",32,12,–¢–µ—Ö–Ω–∏–∫–∞–î–æ–º–∞
2 –º–µ—Å—è—Ü–∞ –Ω–∞–∑–∞–¥,–Ø–Ω–∏–Ω–æ-1,2,–º–µ–Ω–µ–µ –º–µ—Å—è—Ü–∞,–ê–π—Ñ–æ–Ω,"–ö–æ—Ä–æ–±–∫–∞ –Ω–µ —É–ø–∞–∫–æ–≤–∞–Ω–æ –∫–∞–∫ —É –Ω–æ–≤–æ–≥–æ, —Å–∫–ª–∞–¥—ã–≤–∞—é—Ç—Å—è –≤–ø–µ—á–∞—Ç–ª–µ–Ω–∏—è, —á—Ç–æ –≤–æ—Å—Å—Ç–∞–Ω–æ–≤–ª–µ–Ω–Ω—ã–π.",–ù–µ —É–∫–∞–∑–∞–Ω–æ,0,0,Apple Mall
11 –º–µ—Å—è—Ü–µ–≤ –Ω–∞–∑–∞–¥,–ú–æ—Å–∫–≤–∞,1,–ù–µ —É–∫–∞–∑–∞–Ω–æ,"—á–µ—Ä–µ–∑ –º–µ—Å—è—Ü —Ç–µ–ª –ø—Ä–µ–≤—Ä–∞—Ç–∏–ª—Å—è –≤ –∫–∏—Ä–ø–∏—á, –∏–Ω—Ç–µ—Ä–µ–Ω–µ—Ç –Ω–µ –≤–∏–¥–∏—Ç, —Ç–æ–ª—å–∫–æ –∑–≤–æ–Ω–∫–∏!!!!–ë—É–¥—É –ø–∏—Å–∞—Ç—å –≤ —Ä–æ—Å–ø–æ—Ç—Ä–µ–±–Ω–∞–¥–∑–æ—Ä",–ù–µ —É–∫–∞–∑–∞–Ω–æ,–ù–µ —É–∫–∞–∑–∞–Ω–æ,11,2,WiHonor
3 –º–µ—Å—è—Ü–∞ –Ω–∞–∑–∞–¥,–°–∞–Ω–∫—Ç-–ü–µ—Ç–µ—Ä–±—É—Ä–≥,2,–ù–µ —É–∫–∞–∑–∞–Ω–æ,–ë—ã—Å—Ç—Ä—ã–π –∏ –º–æ—â–Ω—ã–π —Ç–µ–ª–µ—Ñ–æ–Ω,"–°–∏–ª—å–Ω–æ –Ω–∞–≥—Ä–µ–≤–∞–µ—Ç—Å—è, –∑–∞ –ø–æ–ª—Ç–æ—Ä–∞ –º–µ—Å—è—Ü–∞ 2 –ø—Ä–æ—Ü–µ–Ω—Ç–∞ –∞–∫–∫—É–º—É–ª—è—Ç–æ—Ä–∞ —É—à–ª–æ, –±—ã—Å—Ç—Ä–æ —Ä–∞–∑—Ä—è–∂–∞–µ—Ç—Å—è",–ù–µ —É–∫–∞–∑–∞–Ω–æ,0,0,WISHMASTER
–ì–æ–¥ –Ω–∞–∑–∞–¥,–ú–æ—Å–∫–≤–∞,1,–ù–µ —É–∫–∞–∑–∞–Ω–æ,–ù–µ —É–∫–∞–∑–∞–Ω–æ,–ù–µ —É–∫–∞–∑–∞–Ω–æ,"–ü—Ä–∏—Å–ª–∞–ª–∏ –∞–∫—Ç–∏–≤–∏—Ä–æ–≤–∞–Ω–Ω—ã–π iPhone, –∫–æ–≥–¥–∞ –≤—Å–∫—Ä—ã–ª –∫–æ—Ä–æ–±–∫—É —É–≤–∏–¥–µ–ª —á—Ç–æ —Å–∏–º –ª–æ—Ç–æ–∫ —Ç–æ—Ä—á–∏—Ç –∏–∑ –∫–æ—Ä–ø—É—Å–∞, –Ω–∞–∫–ª–µ–π–∫–∞ –Ω–∞ —ç–∫—Ä–∞–Ω –∫—Ä–∏–≤–æ –Ω–∞–∫–ª–µ–µ–Ω–∞. –¢–∞–∫ –∂–µ –∑–∞–∫–∞–∑—ã–≤–∞–ª–∏ –≤–µ—Ä—Å–∏—é —Å –æ–¥–Ω–æ–π —Å–∏–º –∫–∞—Ä—Ç–æ–π, –∞ –ø—Ä–∏—Å–ª–∞–ª–∏ —Å —Å–∏–º –ª–æ—Ç–∫–æ–º –Ω–∞ –¥–≤–µ —Å–∏–º –∫–∞—Ä—Ç—ã. –û—Å–æ–∑–Ω–∞–ª —á—Ç–æ –∞–π—Ñ–æ–Ω –∞–∫—Ç–∏–≤–∏—Ä–æ–≤–∞–Ω–Ω—ã–π –ª–∏—à—å –ø–æ—Å–ª–µ –ø–æ–ª—É—á–µ–Ω–∏—è –∏ –≤—Å–∫—Ä—ã—Ç–∏—è, –∫–æ–≥–¥–∞ –ø—Ä–æ–≤–µ—Ä—è–ª –Ω–∞ —Å–∞–π—Ç–µ apple –Ω–µ –ø–æ–Ω—è–ª —á—Ç–æ –æ–Ω –∞–∫—Ç–∏–≤–∏—Ä–æ–≤–∞–Ω–Ω—ã–π, –ø–æ—Ç–æ–º —É–≤–∏–¥–µ–ª –∫–∞–∫ –¥–æ–ª–∂–µ–Ω –±—ã–ª –ø—Ä–æ–±–∏–≤–∞—Ç—å—Å—è –ø–æ imei. –ù–∞ —Å–∞–π—Ç–µ –ø–∏—à–µ—Ç —á—Ç–æ –≥–∞—Ä–∞–Ω—Ç–∏—è –∑–∞–∫–∞–Ω—á–∏–≤–∞–µ—Ç—Å—è 26 –¥–µ–∫–∞–±—Ä—è 2022 –≥–æ–¥–∞, —ç—Ç–æ –∫–∞–∫? –°–º–∞—Ä—Ç—Ñ–æ–Ω –Ø –¥–æ —Å–∏—Ö –ø–æ—Ä –Ω–µ –≤–∫–ª—é—á–∞–ª, —Ç–∞–∫ –∫–∞–∫ —ç—Ç–æ –ø–æ–¥–∞—Ä–æ–∫ –Ω–∞ –Ω–æ–≤—ã–π –≥–æ–¥",2,3,–Æ–ø–æ—Ä—Ç —Ç–µ—Ö–Ω–∏–∫–∞
6 –º–µ—Å—è—Ü–µ–≤ –Ω–∞–∑–∞–¥,–°–∞–Ω–∫—Ç-–ü–µ—Ç–µ—Ä–±—É—Ä–≥,2,–Ω–µ—Å–∫–æ–ª—å–∫–æ –º–µ—Å—è—Ü–µ–≤,–ü—Ä–∏–≤–µ–∑–ª–∏ –±—ã—Å—Ç—Ä–æ –≤—Å–µ –æ–∫,"–ó–∞–ø–∞–ª–∞ –∫–Ω–æ–ø–∫–∞ –≥—Ä–æ–º–∫–æ—Å—Ç–∏ —Å—Ä–∞–∑—É, –∏–∑ –∑–∞ –æ—Ç—ä–µ–∑–¥–∞ –Ω–µ –º–æ–≥—É –ø–æ–ø–∞—Å—Ç—å –∫ —Å–µ—Ä–≤–∏—Å–Ω—ã–π —Ü–µ–Ω—Ç—Ä –Ω–æ —ç—Ç–æ –ø—Ä–æ—Å—Ç–æ –∂–µ—Å—Ç—å","–ö—É–ø–∏–ª–∏ –≤ –ø–æ–¥–∞—Ä–æ–∫, –±—ã–ª–∞ —Å—á–∞—Å—Ç–ª–∏–≤–∞, –Ω–æ 2 –¥–µ–Ω—å –∑–∞–ø–∞–ª–∞ –∫–Ω–æ–ø–∫–∞ –≥—Ä–æ–º–∫–æ—Å—Ç–∏ –∏ —Ç–µ–ø–µ—Ä—å –≥—Ä–æ–º–∫–æ—Å—Ç—å –Ω–µ–ª—å–∑—è –æ—Ç—Ä–µ–≥—É–ª–∏—Ä–æ–≤–∞—Ç—å —ç—Ç–æ –ø—Ä–æ—Å—Ç–æ –∂–µ—Å—Ç—å. –ü–æ–ª—å–∑—É—é—Å—å –∞–π—Ñ–æ–Ω–∞–º–∏ —É–∂–µ –±–æ–ª—å—à–µ 14 –ª–µ—Ç –∏ –ø–µ—Ä–≤—ã–π —Ä–∞–∑ —Å —Ç–∞–∫–∏–º —Å—Ç–∞–ª–∫–∏–≤–∞—é—Å—å",2,0,DomMobile
–ì–æ–¥ –Ω–∞–∑–∞–¥,–ú–æ—Å–∫–≤–∞,1,–º–µ–Ω–µ–µ –º–µ—Å—è—Ü–∞,–ù–µ —É–∫–∞–∑–∞–Ω–æ,"–ß–µ—Ä–µ–∑ –Ω–µ–∫–æ—Ç–æ—Ä–æ–µ –≤—Ä–µ–º—è –ø–æ—Å–ª–µ –∑–∞–≥—Ä—É–∑–∫–∏ e-sim –≤–æ–∑–Ω–∏–∫–ª–∞ –ø—Ä–æ–±–ª–µ–º–∞ —Å –≤—ã—Ö–æ–¥–æ–º –≤ —Å–µ—Ç—å.
–ü—Ä–∏ –æ–±—Ä–∞—â–µ–Ω–∏–∏ –∫ –æ–ø–µ—Ä–∞—Ç–æ—Ä—É –≤—ã—è—Å–Ω–∏–ª–æ—Å—å, —á—Ç–æ —Ç–µ–ª–µ—Ñ–æ–Ω –≤ —Å–µ—Ä–Ω–æ–º —Å–ø–∏—Å–∫–µ (—Å–∫–æ—Ä–µ–µ –≤—Å–µ–≥–æ —É–∫—Ä–∞–¥–µ–Ω).
–ù–∏ –æ–¥–Ω–∞ —Å–∏–º –∫–∞—Ä—Ç–∞ —Å –Ω–∏–º —Ä–∞–±–æ—Ç–∞—Ç—å –Ω–µ –±—É–¥–µ—Ç.",–ù–µ —É–∫–∞–∑–∞–Ω–æ,7,4,GiX
4 –º–µ—Å—è—Ü–∞ –Ω–∞–∑–∞–¥,–ò–∂–µ–≤—Å–∫,2,–±–æ–ª–µ–µ –≥–æ–¥–∞,–ù–æ—Ä–º–∞–ª—å–Ω–æ,–ß–µ—Ä–µ–∑ 3 –º–µ—Å—è—Ü–∞ –ø–æ—è–≤–∏–ª–∞—Å—å –ø–æ–ª–æ—Å–∞ –ø–æ —ç–∫—Ä–∞–Ω—É,–ù–µ —É–∫–∞–∑–∞–Ω–æ,0,0,mobilka18
–ì–æ–¥ –Ω–∞–∑–∞–¥,–®–∞—Ç—É—Ä–∞,1,–º–µ–Ω–µ–µ –º–µ—Å—è—Ü–∞,"–Ø—Ä–∫–∏–π –∏ —à—É—Å—Ç—Ä—ã–π –¥–∏—Å–ø–ª–µ–π,–Ω–µ –≤–∏—Å–Ω–µ—Ç –≤ —Ä–∞–±–æ—Ç–µ",–¢–∏—Ö–∏–π –¥–∏–Ω–∞–º–∏–∫ –ø–æ —Å–ø–∞–≤–Ω–µ–Ω–∏—é —Å 11 –≤–µ—Ä—Å–∏–µ–π,"–£–∂–∞—Å–Ω—ã–π –≤–æ–∑–≤—Ä–∞—Ç,–º–æ–∑–≥–∏ –ø—É–¥—Ä—è—Ç —Ç–æ–ª—å–∫–æ –≤ –ø—É—Ç—å —Å–≤–æ–∏–º–∏ –∑–∞–≤—Ç—Ä–∞–∫–∞–º–∏",2,3,–û–ù–õ–ê–ô–ù–¢–†–ï–ô–î.–†–£
4 –º–µ—Å—è—Ü–∞ –Ω–∞–∑–∞–¥,–°–∞–Ω–∫—Ç-–ü–µ—Ç–µ—Ä–±—É—Ä–≥,2,–Ω–µ—Å–∫–æ–ª—å–∫–æ –º–µ—Å—è—Ü–µ–≤,–ù–µ —É–∫–∞–∑–∞–Ω–æ,–ë—ã—Å—Ç—Ä–æ —Ç—Ä–∞—Ç–∏—Ç—Å—è –∞–∫–∫—É–º—É–ª—è—Ç–æ—Ä! –£–∂–µ –Ω–µ –∑–Ω–∞—é —á—Ç–æ –¥–µ–ª–∞—Ç—å üò°,–ù–µ —É–∫–∞–∑–∞–Ω–æ,0,0,GOODSTORE
–ì–æ–¥ –Ω–∞–∑–∞–¥,–ï–∫–∞—Ç–µ—Ä–∏–Ω–±—É—Ä–≥,1,–º–µ–Ω–µ–µ –º–µ—Å—è—Ü–∞,–ù–µ —É–∫–∞–∑–∞–Ω–æ,–ù–µ —É–∫–∞–∑–∞–Ω–æ,"–¢–µ–ª–µ—Ñ–æ–Ω—É –º–µ–Ω—å—à–µ 2 –Ω–µ–¥–µ–ª—å, –ø–µ—Ä–µ—Å—Ç–∞–ª —Ä–∞–±–æ—Ç–∞—Ç—å —ç–∫—Ä–∞–Ω",0,1,–ù–µ–∏–∑–≤–µ—Å—Ç–Ω–æ
6 –º–µ—Å—è—Ü–µ–≤ –Ω–∞–∑–∞–¥,–ö—Ä–∞—Å–Ω–æ–≥–æ—Ä—Å–∫,2,–Ω–µ—Å–∫–æ–ª—å–∫–æ –º–µ—Å—è—Ü–µ–≤,"–í—Ä–æ–¥–µ –æ—Ä–∏–≥–∏–Ω–∞–ª , –Ω–æ –∫–∞–∫ –ø–æ–π–º–µ—à—å","–ú–Ω–æ–≥–æ –æ–ø–∏—Å–∞–Ω–∏—è , –Ω–æ –≤—Å–µ –æ–¥–Ω–æ –Ω–µ —Ç–æ —á—Ç–æ –∏—Å–∫–∞–ª , –ø—Ä–æ—Å—Ç–æ –ø–æ–¥—Å—Ç—Ä–æ–∏–ª–∞—Å—å —Å–∏—Å—Ç–µ–º–∞ –ø–æ–∏—Å–∫–∞ –≥—Ä–µ–±–∞–Ω–æ–≥–æ –Ø–Ω–¥–µ–∫—Å–∞",–ù–µ —É–∫–∞–∑–∞–Ω–æ,0,0,Tehno Hub
–ì–æ–¥ –Ω–∞–∑–∞–¥,–ú–æ—Å–∫–≤–∞,1,–ù–µ —É–∫–∞–∑–∞–Ω–æ,–°–º–∞—Ä—Ç—Ñ–æ–Ω —Å–∞–º –ø–æ —Å–µ–±–µ —Ö–æ—Ä–æ—à–∏–π.,–°–ø—É—Å—Ç—è –Ω–µ–¥–µ–ª—é —ç–∫—Å–ø–ª—É–∞—Ç–∞—Ü–∏–∏ –ø–æ—è–≤–∏–ª—Å—è –∑–µ–ª—ë–Ω—ã–π –ø–∏–∫—Å–µ–ª—å.,"–¢–µ–ª–µ—Ñ–æ–Ω –Ω–µ –ø–∞–¥–∞–ª, –Ω–æ—Å–∏–ª—Å—è –≤ —á–µ—Ö–ª–µ, —Å –∑–∞—â–∏—Ç–Ω—ã–º —Å—Ç–µ–∫–ª–æ–º, –Ω–æ –ø–∏–∫—Å–µ–ª—å –ø—Ä–æ—Å—Ç–æ –≤–∑—è–ª –∏ –ø–æ—è–≤–∏–ª—Å—è, —á—Ç–æ –¥–µ–ª–∞—Ç—å? –ö–∞–∫-—Ç–æ –æ–±–º–µ–Ω—è—Ç—å –º–æ–∂–Ω–æ?",3,4,–Ø–Ω–¥–µ–∫—Å –ú–∞—Ä–∫–µ—Ç
6 –º–µ—Å—è—Ü–µ–≤ –Ω–∞–∑–∞–¥,–õ—é–±–µ—Ä—Ü—ã,2,–Ω–µ—Å–∫–æ–ª—å–∫–æ –º–µ—Å—è—Ü–µ–≤,–ù–µ —É–∫–∞–∑–∞–Ω–æ,"–Ω–∞—á–∞–ª–∏—Å—å –ø—Ä–æ–±–ª–µ–º—ã —Å –∑–≤–æ–Ω–∫–∞–º–∏, —Å –Ω–µ–≥–æ –Ω–µ–ª—å–∑—è –ø–æ–∑–≤–æ–Ω–∏—Ç—å. –º–æ–∂–µ—Ç –ï —Å–∏–º —É –Ω–∞—Å –Ω–µ –æ—á–µ–Ω—å —Ä–∞–±–æ—Ç–∞–µ—Ç.",–ù–µ —É–∫–∞–∑–∞–Ω–æ,0,0,ID Store
–ì–æ–¥ –Ω–∞–∑–∞–¥,–†–æ—Å—Ç–æ–≤-–Ω–∞-–î–æ–Ω—É,1,–ù–µ —É–∫–∞–∑–∞–Ω–æ,–¢–µ–ª–µ—Ñ–æ–Ω —Å—É–ø–µ—Ä.,"–ü—Ä–∏—Å–ª–∞–ª–∏ –±.—É —Ç–µ–ª–µ—Ñ–æ–Ω. –ê–∫—Ç–∏–≤–∏—Ä–æ–≤–∞–Ω –∑–∞ 2 –º–µ—Å—è—Ü–∞ –¥–æ –ø–æ–∫—É–ø–∫–∏. –ü—Ä–æ–¥–∞–≤–µ—Ü - —é–ø–æ—Ä—Ç —Ç–µ—Ö–Ω–∏–∫–∞. –ó–∞–∫–∞–∑—ã–≤–∞–ª –Ω–∞ 2 —Å–∏–º–∫–∏, —Ñ–∏–∑–∏—á–µ—Å–∫—É—é –∏ –µ—Å–∏–º. –ü—Ä–∏—Å–ª–∞–ª–∏ –¥–ª—è –∫–∏—Ç–∞–π—Å–∫–æ–≥–æ —Ä—ã–Ω–∫–∞ –±–µ–∑ –≤–æ–∑–º–æ–∂–Ω–æ—Å—Ç–∏ –¥–æ–±–∞–≤–ª–µ–Ω–∏—è –µ—Å–∏–º, —Å –¥–≤—É–º—è —Ñ–∏–∑–∏—á–µ—Å–∫–∏–º–∏.",–ù–µ —Å–æ–≤–µ—Ç—É—é –∫ –ø—Ä–∏–æ–±—Ä–µ—Ç–µ–Ω–∏—é. –ù–∏ –≤ –∫–æ–µ–º —Å–ª—É—á–∞–µ.,13,6,–Æ–ø–æ—Ä—Ç —Ç–µ—Ö–Ω–∏–∫–∞
6 –º–µ—Å—è—Ü–µ–≤ –Ω–∞–∑–∞–¥,–°—É—Ö–æ–π –õ–æ–≥,2,–Ω–µ—Å–∫–æ–ª—å–∫–æ –º–µ—Å—è—Ü–µ–≤,–∫—É–ø–∏–ª –ø–æ —Ö–æ—Ä–æ—â–µ–π —Ü–µ–Ω–µ,–∫–∞—á–µ—Å—Ç–≤–æ,"—á–µ—Ä–µ–∑ 10 –º–µ—Å—è—Ü–µ–≤ —Å–¥–æ—Ö –º–æ–¥–µ–º, –∫—É–¥–∞ –æ–±—Ä–∞—â–∞—Ç—å—Å—è –∑–∞ —Ä–µ–º–æ–Ω—Ç–æ–º –≤–æ–æ–±—â–µ –±–µ–∑ –ø–æ–Ω—è—Ç–∏—è",0,0,iBalance
–ì–æ–¥ –Ω–∞–∑–∞–¥,–ë–∞—Ç—É—Ä–∏–Ω—Å–∫–∞—è,1,–ù–µ —É–∫–∞–∑–∞–Ω–æ,–†–∞–±–æ—Ç–∞–µ—Ç,–í–Ω–µ—à–Ω–∏–π –≤–∏–¥,"–í–ø–µ—á–∞—Ç–ª–µ–Ω–∏—è –Ω–∞—á–∏–Ω–∞—é—Ç—Å—è —Å –∫–æ—Ä–æ–±–∫–∏, –Ω–∞ –Ω–µ–π —Å –≥–æ—Ä–∫–∏ –ø–æ –∞—Å—Ñ–∞–ª—å—Ç—É –≤—Ä–æ–¥–µ –±—ã —Å—ä–µ–∑–∂–∞–ª–∏",5,8,Dicentre
6 –º–µ—Å—è—Ü–µ–≤ –Ω–∞–∑–∞–¥,–í–æ–ª–≥–æ–≥—Ä–∞–¥,2,–º–µ–Ω–µ–µ –º–µ—Å—è—Ü–∞,–ù–µ —É–∫–∞–∑–∞–Ω–æ,"–®–Ω—É—Ä –Ω–µ –æ—Ä–∏–≥–∏–Ω–∞–ª—å–Ω—ã–π
–ó–∞—Ä—è–¥–∫—É –¥–µ—Ä–∂–∏—Ç –Ω–µ –æ—á–µ–Ω—å –¥–æ–ª–≥–æ –Ω–∞ –æ—Ä–∏–≥–∏–Ω–∞–ª—å–Ω–æ–π –∑–∞—Ä—è–¥–∫–µ.",–ù–µ —É–∫–∞–∑–∞–Ω–æ,0,0,–ë–û–õ–¢–£–ù
–ì–æ–¥ –Ω–∞–∑–∞–¥,–†–æ—Å—Ç–æ–≤-–Ω–∞-–î–æ–Ω—É,1,–ù–µ —É–∫–∞–∑–∞–Ω–æ,–ù–µ—Ç,–í—Å–µ,–û–ø–ª–∞—Ç–∏–ª–∞ –∑–∞–∫–∞–∑. –ù–µ–¥–µ–ª—é –ø–æ—Å–ª–µ –Ω–∞–∑–Ω–∞—á–µ–Ω–Ω–æ–π –¥–∞—Ç—ã –¥–æ—Å—Ç–∞–≤–∫–∏ –æ–ø–µ—Ä–∞—Ç–æ—Ä—ã —Å–æ–æ–±—â–∞–ª–∏ –º–Ω–µ –æ–± –æ—Ç—Å—É—Ç—Å—Ç–≤–∏–∏ –∏–Ω—Ñ–æ—Ä–º–∞—Ü–∏–∏ –æ –º–æ–µ–º —Ç–æ–≤–∞—Ä–µ. –ü–æ–¥–∞—Ä–æ–∫ –∫–æ –¥–Ω—é —Ä–æ–∂–¥–µ–Ω–∏—è –Ω–µ —Å–ª—É—á–∏–ª—Å—è. –ü—Ä–æ–¥–∞–≤–µ—Ü –ø—Ä–æ—Å—Ç–æ –Ω–µ –æ—Ç–ø—Ä–∞–≤–∏–ª —Ç–æ–≤–∞—Ä! –û—Ç–≤—Ä–∞—Ç–∏—Ç–µ–ª—å–Ω–æ–π —Å–µ—Ä–≤–∏—Å.,1,4,–ù–µ–∏–∑–≤–µ—Å—Ç–Ω–æ
7 –º–µ—Å—è—Ü–µ–≤ –Ω–∞–∑–∞–¥,–ú–æ—Å–∫–≤–∞,2,–Ω–µ—Å–∫–æ–ª—å–∫–æ –º–µ—Å—è—Ü–µ–≤,–ù–µ —É–∫–∞–∑–∞–Ω–æ,–ë—ã—Å—Ç—Ä–æ —Å–∞–¥–∏—Ç—Å—è –∞–∫–∫—É–º—É–ª—è—Ç–æ—Ä,–ù–µ —É–∫–∞–∑–∞–Ω–æ,0,0,UVF
–ì–æ–¥ –Ω–∞–∑–∞–¥,–°–∞–Ω–∫—Ç-–ü–µ—Ç–µ—Ä–±—É—Ä–≥,1,–º–µ–Ω–µ–µ –º–µ—Å—è—Ü–∞,–ù–µ —É–∫–∞–∑–∞–Ω–æ,–ù–µ —É–∫–∞–∑–∞–Ω–æ,"–ü–æ–ª—É—á–∏–ª —Ç–µ–ª–µ—Ñ–æ–Ω, –∑–∞–∫–∞–∑—ã–≤–∞–ª –≤ PRO-Store. –ü–æ—á–µ–º—É –Ω–∞–∫–ª–µ–π–∫–∞ Iphone 14 pro? –ú–æ–∂–µ—Ç –æ—Ñ–æ—Ä–º–∏—Ç—å –≤–æ–∑–≤—Ä–∞—Ç? –ù–µ –≤—Å–∫—Ä—ã–≤–∞—é.",3,7,PRO-Store
–ù–µ —É–∫–∞–∑–∞–Ω–æ,–ù–µ —É–∫–∞–∑–∞–Ω–æ,2,–ù–µ —É–∫–∞–∑–∞–Ω–æ,–ù–µ —É–∫–∞–∑–∞–Ω–æ,–ù–µ —É–∫–∞–∑–∞–Ω–æ,"–ó—Ä—è –∫—É–ø–∏–ª, –Ω–µ —á–µ–º —Ç–∞–∫–∏–º –æ—Å–æ–±—ã–º –æ—Ç –∫–∏—Ç–∞–π—Å–∫–∏—Ö –∞–Ω–∞–ª–æ–≥–æ–≤ –Ω–µ –æ—Ç–ª–∏—á–∞–µ—Ç—Å—è. –ü—Ä–æ—Å—Ç–æ –ø–µ—Ä–µ–ø–ª–∞—Ç–∞ –∑–∞ –±—Ä–µ–Ω–¥. –ö–æ–≥–¥–∞ –∫—É–ø–∏–ª, –Ω–µ–¥–µ–ª—é –∂–µ–Ω–∞ —Å—Ç–∞—Ä—ã–º –ø–æ–ª—å–∑–æ–≤–∞–ª–∞—Å—å, –ø–æ–∫–∞ —Ä—É–≥–∞—Ç—Å—è –Ω–µ –Ω–∞—á–∞–ª",1,2,ge store
–ì–æ–¥ –Ω–∞–∑–∞–¥,–°–∞–Ω–∫—Ç-–ü–µ—Ç–µ—Ä–±—É—Ä–≥,1,–ù–µ —É–∫–∞–∑–∞–Ω–æ,–ù–∏—á–µ–≥–æ –Ω–æ–≤–æ–≥–æ –∫—Ä–æ–º–µ –Ω–∞–∑–≤–∞–Ω–∏—è,–í—ã—Å–æ–∫–∞—è —Ü–µ–Ω–∞ –Ω–∞ –¥–∞–Ω–Ω—É—é –º–æ–¥–µ–ª—å,–ù–µ —É–∫–∞–∑–∞–Ω–æ,0,10,–ù–µ–∏–∑–≤–µ—Å—Ç–Ω–æ
–ì–æ–¥ –Ω–∞–∑–∞–¥,–ú–æ—Å–∫–≤–∞,2,–±–æ–ª–µ–µ –≥–æ–¥–∞,"–ö–∞—á–µ—Å—Ç–≤–µ–Ω–Ω—ã–µ –º–∞—Ç–µ—Ä–∏–∞–ª—ã
OLED –¥–∏—Å–ø–ª–µ–π
–î–ª–∏—Ç–µ–ª—å–Ω–∞—è —Ä–∞–±–æ—Ç–∞ –±–µ–∑ –ª–∞–≥–æ–≤ –û–°","–¶–µ–Ω–∞
–û—Ç—Å—É—Ç—Å—Ç–≤–∏–µ –∞–¥–∞–ø—Ç–µ—Ä–∞ –ø–∏—Ç–∞–Ω–∏—è –≤ –∫–æ–º–ø–ª–µ–∫—Ç–µ
–ú–æ–Ω–æ–±—Ä–æ–≤—å
–û—Ç—Å—É—Ç—Å—Ç–≤–∏–µ Apple Pay –≤ –†–æ—Å—Å–∏–∏
–° –∫–∞–∂–¥–æ–π –Ω–æ–≤–æ–π —Å–µ—Ä–∏–µ–π, –∫–∞–º–µ—Ä–∞ –Ω–∞ –ø—Ä–µ–¥—ã–¥—É—â–∏—Ö –≤–µ—Ä—Å–∏—è—Ö iPhone ¬´—Ä–µ–∂–µ—Ç—Å—è¬ª –Ω–∞ –ø—Ä–æ–≥—Ä–∞–º–º–Ω–æ–º —É—Ä–æ–≤–Ω–µ",–ù–µ —É–∫–∞–∑–∞–Ω–æ,2,12,video-shoper
–ì–æ–¥ –Ω–∞–∑–∞–¥,–°–∞–º–∞—Ä–∞,1,–ù–µ —É–∫–∞–∑–∞–Ω–æ,–ù–µ —É–∫–∞–∑–∞–Ω–æ,–ù–µ –¥–∞—ë—Ç –æ—Ñ–æ—Ä–º–∏—Ç—å —Å–ø–ª–∏—Ç.,–ù–µ —É–∫–∞–∑–∞–Ω–æ,0,8,–ù–µ–∏–∑–≤–µ—Å—Ç–Ω–æ
