Date,City,Score,Review_usage,Review_pro,Review_contra,Review_comment,Like_count,Dislike_counts,Shop_review
2 –º–µ—Å—è—Ü–∞ –Ω–∞–∑–∞–¥,–û—Ä–µ–Ω–±—É—Ä–≥,5,–º–µ–Ω–µ–µ –º–µ—Å—è—Ü–∞,"–¶–≤–µ—Ç ,—Ü–µ–Ω–∞ )","–ü—Ä–∏ —Ç—Ä–∞–Ω—Å–ø–æ—Ä—Ç–∏—Ä–æ–≤–∫–µ —Å—Ç–∏—Ä–∞–µ—Ç—Å—è –∫–æ—Ä–æ–±–∫–∞ , –Ω—É–∂–Ω–æ —É–ø–∞–∫–æ–≤—ã–≤–∞—Ç—å –ø–æ –ª—É—á—à–µ","–í—Å–µ —Ö–æ—Ä–æ—à–æ, —Ç–µ–ª–µ—Ñ–æ–Ω –Ω–æ–≤—ã–π , –ø—Ä–æ–≤–µ—Ä–∏–ª–∏ –ø–æ —Å–∏—Ä–µ–π–Ω–∏–∫—É üëç",0,0,ASTEROID T
–ú–µ—Å—è—Ü –Ω–∞–∑–∞–¥,–ò—à–∏–º–±–∞–π,5,–ù–µ —É–∫–∞–∑–∞–Ω–æ,–ù–µ —É–∫–∞–∑–∞–Ω–æ,–ù–µ —É–∫–∞–∑–∞–Ω–æ,–î–æ—á–∫–∞ –¥–æ–≤–æ–ª—å–Ω–∞ –¥–æ —É–∂–∞—Å–∞... –∏ —è –¥–æ–≤–æ–ª–µ–Ω...,0,0,Digital Planet
4 –º–µ—Å—è—Ü–∞ –Ω–∞–∑–∞–¥,–°–∞–Ω–∫—Ç-–ü–µ—Ç–µ—Ä–±—É—Ä–≥,5,–º–µ–Ω–µ–µ –º–µ—Å—è—Ü–∞,"–ë—ã—Å—Ç—Ä–æ —Ä–∞–±–æ—Ç–∞–µ—Ç, –æ—Ç–ª–∏—á–Ω–∞—è –∫–∞–º–µ—Ä–∞, –∫—Ä–∞—Å–∏–≤—ã–π –¥–∏–∑–∞–π–Ω. –ü–µ—Ä–µ—à–ª–∞ —Å 10 –∞–π—Ñ–æ–Ω–∞, —Ä–∞–∑–Ω–∏—Ü–∞ –∫–æ–ª–æ—Å—Å–∞–ª—å–Ω–∞—è!! –£–ø–∞–∫–æ–≤–∫–∞ –ø–æ—Å—ã–ª–∫–∏ —Ö–æ—Ä–æ—à–∞—è, —Å–∞–º–∞ –∫–æ—Ä–æ–±–∫–∞ –ê—Ñ–æ–Ω–∞ –Ω–µ –±—ã–ª–∞ –≤—Å–∫—Ä—ã—Ç–∞, —Ç–µ–ª–µ—Ñ–æ–Ω –Ω–æ–≤—ã–π, —Å–µ—Ä–∏–π–Ω—ã–π –Ω–æ–º–µ—Ä –ø—Ä–æ–±–∏–≤–∞–µ—Ç—Å—è –Ω–∞ —Å–∞–π—Ç–µ) —É—Å–ø–µ–ª–∞ –∫—É–ø–∏—Ç—å –∑–∞ 69 —Ç.—Ä.)))",–ù–µ —É–∫–∞–∑–∞–Ω–æ,–ù–µ —É–∫–∞–∑–∞–Ω–æ,1,0,S.Store
–ú–µ—Å—è—Ü –Ω–∞–∑–∞–¥,–ö–∞–∑–∞–Ω—å,5,–ù–µ —É–∫–∞–∑–∞–Ω–æ,–æ—Ç–ª–∏—á–Ω—ã–π –æ—Ä–∏–≥–∏–Ω–∞–ª—å–Ω—ã–π —Å–º–∞—Ä—Ç—Ñ–æ–Ω –ø—Ä–∏—à–µ–ª –≤ —Å—Ä–æ–∫,–ù–µ —É–∫–∞–∑–∞–Ω–æ,–ù–µ —É–∫–∞–∑–∞–Ω–æ,0,0,Digital Planet
–ú–µ—Å—è—Ü –Ω–∞–∑–∞–¥,–ú–∞–π–∫–æ–ø,5,–º–µ–Ω–µ–µ –º–µ—Å—è—Ü–∞,"–û—Ä–∏–≥–∏–Ω–∞–ª, –≤—Å–µ –ø–ª–æ–º–±—ã –Ω–∞ –º–µ—Å—Ç–µ",–ù–µ—Ç,–ù–µ —É–∫–∞–∑–∞–Ω–æ,0,0,iPhonika MSK
3 –º–µ—Å—è—Ü–∞ –Ω–∞–∑–∞–¥,–í–æ–ª–∂—Å–∫–∏–π,5,–ù–µ —É–∫–∞–∑–∞–Ω–æ,–í—Å—ë –æ—Ç–ª–∏—á–Ω–æ,–ù–µ—Ç,"–ó–∞–∫–∞–∑–∞–ª–∞ 26 —è–Ω–≤–∞—Ä—è . –ü—Ä–∏—à–µ–ª –∏–∑-–∑–∞ –≥—Ä–∞–Ω–∏—Ü—ã –∫–∞–∫ –∏ –æ–±–µ—â–∞–ª–∏ 1 —Ñ–µ–≤—Ä–∞–ª—è. –ù–æ–≤—ã–π,–Ω–µ –≤–æ—Å—Å—Ç–∞–Ω–æ–≤–ª–µ–Ω–Ω—ã–π. –ü–µ—Ä–µ—à–ª–∞ —Å 11 –ø—Ä–æ –º–∞–∫—Å. –ü—Ä–æ–¥–∞–≤–µ—Ü –æ—Ç–ª–∏—á–Ω—ã–π. –í–æ—Ç —Ç–µ–ø–µ—Ä—å –¥—É–º–∞—é —É –Ω–µ–≥–æ –∑–∞–∫–∞–∑ ps 5 .",0,0,Digital Planet
4 –º–µ—Å—è—Ü–∞ –Ω–∞–∑–∞–¥,–ó–ª–∞—Ç–æ—É—Å—Ç,5,–º–µ–Ω–µ–µ –º–µ—Å—è—Ü–∞,"–ù–æ–≤—ã–π, –æ—Ä–∏–≥–∏–Ω–∞–ª—å–Ω—ã–π, —Ö–æ—Ä–æ—à–∞—è –∫–∞–º–µ—Ä–∞, –≤—ã—Å–æ–∫–∞—è –ø—Ä–æ–∏–∑–≤–æ–¥–∏—Ç–µ–ª—å–Ω–æ—Å—Ç—å",–ù–µ —É–∫–∞–∑–∞–Ω–æ,"–û—á–µ–Ω—å —Ä–∞–¥ —á—Ç–æ –∑–∞–∫–∞–∑–∞–ª —É –¥–∞–Ω–Ω–æ–≥–æ –º–∞–≥–∞–∑–∏–Ω–∞ —ç—Ç–æ—Ç —Ç–æ–≤–∞—Ä, –æ—á–µ–Ω—å –ø–µ—Ä–µ–∂–∏–≤–∞–ª —á—Ç–æ –æ–±–º–∞–Ω—É—Ç –∏ –≤–µ–¥—å –Ω–µ –æ–±–º–∞–Ω—É–ª–∏, –∂–µ–ª–∞—é –º–∞–≥–∞–∑–∏–Ω—É –ø—Ä–æ—Ü–≤–µ—Ç–∞–Ω–∏—è –∏ –±–æ–ª—å—à–∏—Ö –∑–∞–∫–∞–∑–æ–≤. –°–∞–º —Ç–µ–ª–µ—Ñ–æ–Ω –∏–∑ –ò–Ω–¥–∏–∏, –Ω–∏–∫–∞–∫–∏—Ö –ø—Ä–æ–±–ª–µ–º –Ω–µ –Ω–∞—à–ª–æ—Å—å",0,0,New Media
2 –º–µ—Å—è—Ü–∞ –Ω–∞–∑–∞–¥,–í–æ–ª–æ–≥–¥–∞,5,–º–µ–Ω–µ–µ –º–µ—Å—è—Ü–∞,–ù–µ —É–∫–∞–∑–∞–Ω–æ,–ù–µ —É–∫–∞–∑–∞–Ω–æ,"iPhone –∞–∫—Ç–∏–≤–∏—Ä–æ–≤–∞–ª–∞, –ø—Ä–æ–≤–µ—Ä–∏–ª–∞ –Ω–∞ —Å–∞–π—Ç–µ Appel –æ—Ä–∏–≥–∏–Ω–∞–ª—å–Ω—ã–π, –≤—Å—ë —Ö–æ—Ä–æ—à–æ!",0,0,Digital Planet
2 –º–µ—Å—è—Ü–∞ –Ω–∞–∑–∞–¥,–ö—Ä–∞—Å–Ω–æ–¥–∞—Ä,5,–º–µ–Ω–µ–µ –º–µ—Å—è—Ü–∞,"–ù—É—É –ø–æ—Å–ª–µ 8 –∫–∏ –≤–æ–æ–±—â–µ –æ–≥–æ–Ω—å,—à—É—Å—Ç—Ä—ã–π,–≥—Ä–æ–º–∫–∏–π,–æ—Ä–∏–≥–∏–Ω–∞–ª—å–Ω—ã–π",–ö—É–ø–∏–ª–∞ 8.03,–ü–æ—Å–º–æ—Ç—Ä–∏–º —á—Ç–æ –±—É–¥–µ—Ç,0,0,Apple Mall
–ú–µ—Å—è—Ü –Ω–∞–∑–∞–¥,–ú–æ—Å–∫–≤–∞,5,–º–µ–Ω–µ–µ –º–µ—Å—è—Ü–∞,–û—Ç–ª–∏—á–Ω—ã–π —Ç–µ–ª–µ—Ñ–æ–Ω,–ù–µ —É–∫–∞–∑–∞–Ω–æ,–ù–µ —É–∫–∞–∑–∞–Ω–æ,0,0,mobilezone
3 –º–µ—Å—è—Ü–∞ –Ω–∞–∑–∞–¥,–í–æ—Ä–æ–Ω–µ–∂,5,–ù–µ —É–∫–∞–∑–∞–Ω–æ,–≤—Å—ë —Å—É–ø–µ—Ä —á–µ—Ç–∫–æ —Å–æ–≤–µ—Ç—É—é,–Ω–µ—Ç,—Ç–µ–ª–µ—Ñ–æ–Ω –Ω–æ–≤—ã–π –ø–µ—Ä–≤—ã–π —Ä–∞–∑ –ø–æ–∫—É–ø–∞–ª –æ–Ω–ª–∞–π–Ω —Ç–µ–ª–µ—Ñ–æ–Ω –∫–æ–Ω–µ—á–Ω–æ –∂–µ –≤–æ–ª–Ω–µ–Ω–∏–µ –±—ã–ª–æ –Ω–æ –≤—Å–µ –≤—ã—à–ª–æ —Å—É–ø–µ—Ä –Ω–æ–≤—ã–π –æ—Ä–∏–≥–∏–Ω–∞–ª—å–Ω—ã–π —Ç–µ–ª–µ—Ñ–æ–Ω,0,0,S.Store
7 –º–µ—Å—è—Ü–µ–≤ –Ω–∞–∑–∞–¥,–°–∞–º–∞—Ä–∞,5,–ù–µ —É–∫–∞–∑–∞–Ω–æ,"–¢–µ–ª–µ—Ñ–æ–Ω –æ—Ç–ª–∏—á–Ω—ã–π, –∫–∞–∫ –∏ –≤—Å—è —Ç–µ—Ö–Ω–∏–∫–∞ Apple",–ù–µ—Ç,"–¢–µ–ª–µ—Ñ–æ–Ω –±—Ä–∞–ª–∞ ¬´–¥–ª—è –¥—Ä—É–≥–∏—Ö —Å—Ç—Ä–∞–Ω¬ª –Ω–∏–∫–∞–∫–∏—Ö –æ—Ç–ª–∏—á–∏–π —Å —Ä–æ—Å—Ç–µ—Å—Ç–æ–º –Ω–µ –∑–∞–º–µ—Ç–∏–ª–∞. –ê –Ω–∞—Å—á–µ—Ç –æ—Ñ–∏—Ü–∏–∞–ª—å–Ω–æ–≥–æ —Å–µ—Ä–≤–∏—Å–∞ —è –Ω–µ –ø–µ—Ä–µ–∂–∏–≤–∞—é, –ê–π—Ñ–æ–Ω—ã —É –º–µ–Ω—è —Å–æ 2-–≥–æ –ø–æ–∫–æ–ª–µ–Ω–∏—è –≤—Å–µ –≤—Å–µ–≥–¥–∞ —Ä–∞–±–æ—Ç–∞–ª–æ –ø—Ä–µ–∫—Ä–∞—Å–Ω–æ, –ø–æ—Å–ª–µ–¥–Ω—è—è –º–æ–¥–µ–ª—å –±—ã–ª–∞ 10-—è –∏ –∑–∞ –ø–æ—á—Ç–∏ 20 –ª–µ—Ç —è –Ω–µ –æ–±—Ä–∞—â–∞–ª–∞—Å—å –≤ –æ—Ñ —Å–µ—Ä–≤–∏—Å –Ω–∏ —Ä–∞–∑—É. –ö–æ—Ä–æ–±–∫–∞ –±—ã–ª–∞ –∑–∞–ø–µ—á–∞—Ç–∞–Ω–∞, –æ–±–º–æ—Ç–∞–Ω–∞ –≤ –ø—É–ø—ã—Ä–∫—É –∏ —É–ø–∞–∫–æ–≤–∞–Ω–∞ –µ—â–µ –≤ –æ–¥–Ω—É –∫–æ—Ä–æ–±–∫—É —Å –æ–±–æ–∑–Ω–∞—á–µ–Ω–∏—è–º–∏ —Ö—Ä—É–ø–∫–æ–≥–æ —Ç–æ–≤–∞—Ä–∞. –í—Å–µ –¥–∞–Ω–Ω—ã–µ —Å–æ —Å—Ç–∞—Ä–æ–≥–æ —Ç–µ–ª–µ—Ñ–æ–Ω–∞ –±—ã—Å—Ç—Ä–æ –ø–µ—Ä–µ–Ω–µ—Å–ª–∞ –Ω–∞ –Ω–æ–≤—ã–π —á–µ—Ä–µ–∑ –±—ã—Å—Ç—Ä—É—é –Ω–∞—Å—Ç—Ä–æ–π–∫—É.",2,0,ID Store
5 –º–µ—Å—è—Ü–µ–≤ –Ω–∞–∑–∞–¥,–ö–æ–ª–æ–º–Ω–∞,5,–º–µ–Ω–µ–µ –º–µ—Å—è—Ü–∞,"–í—Å–µ —Ä–∞–±–æ—Ç–∞–µ—Ç. –û—Ä–∏–≥–∏–Ω–∞–ª. –ò–∑ –ò–Ω–¥–∏–∏, –µ—Å–ª–∏ –≤–¥—Ä—É–≥ –∫—Ç–æ-—Ç–æ –µ—â–µ –Ω–µ –º–æ–≥ –ø–æ–Ω—è—Ç—å, —á—Ç–æ –∑–∞ —Å—Ç—Ä–∞–Ω–∞ –ø—Ä–æ–∏–∑–≤–æ–¥—Å—Ç–≤–∞.",–ù–µ –æ–±–Ω–∞—Ä—É–∂–∏–ª.,"–í–ø–µ—Ä–≤—ã–µ —É–≤–∏–¥–µ–≤ –∫–æ—Ä–æ–±–∫—É –∏—Å–ø—É–≥–∞–ª—Å—è, —Å—Ç—Ä–∞–Ω–Ω—ã–µ –ø–ª–æ–º–±—ã, –¥–æ —ç—Ç–æ–≥–æ —Ç–∞–∫–æ–≥–æ –Ω–µ –≤—Å—Ç—Ä–µ—á–∞–ª. –ù–µ –≤—Å–∫—Ä—ã–≤–∞—è –Ω–∞—á–∞–ª –≥—É–≥–ª–∏—Ç—å, –≤—Ä–æ–¥–µ –Ω–∏ —É –∫–æ–≥–æ –ø—Ä–æ–±–ª–µ–º –Ω–µ –±—ã–ª–æ. –ü–æ–∫–∞ —á—Ç–æ –≤—Å–µ –ø—Ä–µ–∫—Ä–∞—Å–Ω–æ, –µ—Å–ª–∏ –≤–¥—Ä—É–≥ —á—Ç–æ –¥–æ–ø–æ–ª–Ω—é –æ—Ç–∑—ã–≤, –Ω–∞–¥–µ—é—Å—å —Ç–∞–∫–æ–≥–æ –Ω–µ —Å–ª—É—á–∏—Ç—Å—è üòÄ",0,0,Noble
–ú–µ—Å—è—Ü –Ω–∞–∑–∞–¥,–•–∏–º–∫–∏,5,–ù–µ —É–∫–∞–∑–∞–Ω–æ,–û—Ä–∏–≥–∏–Ω–∞–ª,–ü–æ–∫–∞ –Ω–µ—Ç,–í—Ä–æ–¥–µ –≤—Å–µ –≥—É–¥!,0,0,–ë–û–õ–¢–£–ù
3 –º–µ—Å—è—Ü–∞ –Ω–∞–∑–∞–¥,–ê–ø—Ä–µ–ª–µ–≤–∫–∞,5,–º–µ–Ω–µ–µ –º–µ—Å—è—Ü–∞,"–®—É—Å—Ç—Ä—ã–π —Ç–µ–ª–µ—Ñ–æ–Ω, –Ω–∏–∫–∞–∫–∏—Ö —Ç–æ—Ä–º–æ–∑–æ–≤ –∞ –∫–∞–º–µ—Ä–∞ –≤–æ–æ–±—â–µ –¢–û–ü",–°–ª–µ–≥–∫–∞ –∫–æ—Ä–æ–±–∫–∞ –±—ã–ª–∞ –ø–æ–º—è—Ç–∞ –∞ —Ç–∞–∫ —Å–∞–º —Ç–µ–ª–µ—Ñ–æ–Ω —Ü–µ–ª–æ—Å—Ç–∏ –∏ —Å–æ—Ö—Ä–∞–Ω–Ω–æ—Å—Ç–∏,–û—á–µ–Ω—å —Ö–æ—Ä–æ—à–∏–π —Ç–µ–ª–µ—Ñ–æ–Ω –¥–æ—Å—Ç–∞–≤–∏–ª–∏ —Ä–∞–Ω—å—à–µ –≤—Ä–µ–º–µ–Ω–∏ –≤—Å—ë –æ—Ä–∏–≥–∏–Ω–∞–ª—å–Ω–æ–µ –∫ —Ç–µ–ª–µ—Ñ–æ–Ω—É –Ω–∏–∫–∞–∫–∏—Ö –ø—Ä–µ—Ç–µ–Ω–∑–∏–π,0,0,Class Line
8 –º–µ—Å—è—Ü–µ–≤ –Ω–∞–∑–∞–¥,–ú–æ–∂–≥–∞,5,–Ω–µ—Å–∫–æ–ª—å–∫–æ –º–µ—Å—è—Ü–µ–≤,"–•–æ—Ä–æ—à–∏–π –∞–ø–ø–∞—Ä–∞—Ç, —Ä–∞–±–æ—Ç–∞–µ—Ç –∏–¥–µ–∞–ª—å–Ω–æ","–ü–æ–∫–∞ –Ω–µ –∑–∞–º–µ—Ç–∏–ª–∞, –ø–æ–ª—å–∑—É—é—Å—å —Å —É–¥–æ–≤–æ–ª—å—Å—Ç–≤–∏–µ–º","–¢—É—Ç —Ö–æ—á—É –æ—Ü–µ–Ω–∏—Ç—å –Ω–µ —Ç–µ–ª–µ—Ñ–æ–Ω, –∞ –ø—Ä–æ–¥–∞–≤—Ü–∞! ‚≠êÔ∏è‚≠êÔ∏è‚≠êÔ∏è‚≠êÔ∏è‚≠êÔ∏è
–ù–∞–∏–≤—ã—Å—à–∞—è –æ—Ü–µ–Ω–∫–∞ –∑–∞ –æ–ø–µ—Ä–∞—Ç–∏–≤–Ω–æ—Å—Ç—å –∏ —Å–µ—Ä–≤–∏—Å! –ü—Ä–æ–¥–∞–≤–µ—Ü –ø–æ–∑–≤–æ–Ω–∏–ª, —É—Ç–æ—á–Ω–∏–ª, –º–æ–∂–µ–º –ª–∏ –ø–µ—Ä–µ–Ω–µ—Å—Ç–∏ –¥–æ—Å—Ç–∞–≤–∫—É –Ω–∞ –¥—Ä—É–≥–æ–π –±–ª–∏–∂–∞–π—à–∏–π –¥–µ–Ω—å, —Ç.–∫ –≤ –Ω–∞—à –≥–æ—Ä–æ–¥ –∫—É—Ä—å–µ—Ä—Å–∫–∞—è –¥–æ—Å—Ç–∞–≤–∫–∞ –±—ã–≤–∞–µ—Ç –ø–æ –æ–ø—Ä–µ–¥–µ–ª–µ–Ω–∏—è–º –¥–Ω—è–º, –ª–∏–±–æ –ø—Ä–µ–¥–ª–æ–∂–∏–ª –æ—Ç–ø—Ä–∞–≤–∏—Ç—å –ø–æ—á—Ç–æ–π –†–æ—Å—Å–∏–∏. –ú—ã –∫–æ–Ω–µ—á–Ω–æ –∂–µ —Å–æ–≥–ª–∞—Å–∏–ª–∏—Å—å –¥–æ–∂–¥–∞—Ç—å—Å—è –∫—É—Ä—å–µ—Ä–∞! –ö—É—Ä—å–µ—Ä –ø—Ä–∏–µ—Ö–∞–ª, –ø—Ä–∏–≤–µ–∑ —Ç–æ–≤–∞—Ä, –≤—Å–µ –±—ã–ª–æ —Ö–æ—Ä–æ—à–æ —É–ø–∞–∫–æ–≤–∞–Ω–æ, –ø—Ä–∏ –Ω–µ–º –ø—Ä–æ–≤–µ—Ä–∏–ª–∏!!! –í–æ–æ–±—â–µ–º –ø—Ä–æ–¥–∞–≤—Ü–∞ —Å–æ–≤–µ—Ç—É—é! –ò –æ—á–µ–Ω—å –∂–¥—ë–º —Å–∫–∏–¥–∫—É –Ω–∞ Apple 14 Pro 256gbüòä",0,0,mobilka18
–ú–µ—Å—è—Ü –Ω–∞–∑–∞–¥,–î–∑–µ—Ä–∂–∏–Ω—Å–∫,5,–º–µ–Ω–µ–µ –º–µ—Å—è—Ü–∞,–ù–µ —É–∫–∞–∑–∞–Ω–æ,–ù–µ —É–∫–∞–∑–∞–Ω–æ,–í—Å–µ –ø—Ä–∏—à–ª–æ –≤ —Ü–µ–ª–æ—Å—Ç–Ω–æ—Å—Ç–∏ –∏ —Å–æ—Ö—Ä–∞–Ω–Ω–æ—Å—Ç–∏,0,0,Digital Planet
2 –º–µ—Å—è—Ü–∞ –Ω–∞–∑–∞–¥,–õ—é–±–µ—Ä—Ü—ã,5,–º–µ–Ω–µ–µ –º–µ—Å—è—Ü–∞,–û—Ä–∏–≥–∏–Ω–∞–ª –ü–ª–æ–º–±–∞ –í—Ä–µ–º—è –î–æ—Å—Ç–∞–≤–∫–∏,wi-fi –Ω–∞–∑—ã–≤–∞–µ—Ç—Å—è WLAN,–≤ –æ–±—â–µ–º –∏ —Ü–µ–ª–æ–º –≤—Å–µ –∫—Ä—É—Ç–æ,0,1,Digital Planet
4 –º–µ—Å—è—Ü–∞ –Ω–∞–∑–∞–¥,–°–∞–Ω–∫—Ç-–ü–µ—Ç–µ—Ä–±—É—Ä–≥,5,–º–µ–Ω–µ–µ –º–µ—Å—è—Ü–∞,"–û—Ä–∏–≥–∏–Ω–∞–ª—å–Ω—ã–π –∞–π—Ñ–æ–Ω, –Ω–∞ —Å–∞–π—Ç–µ Apple –±—å–µ—Ç—Å—è, –ø—Ä–∏—à–µ–ª —Å –∑–∞–≤–æ–¥—Å–∫–∏–º–∏ –Ω–∞–∫–ª–µ–π–∫–∞–º–∏, –Ω–µ –∞–∫—Ç–∏–≤–∏—Ä–æ–≤–∞–Ω–Ω—ã–π. –° –ø—Ä–æ—à–ª–æ–≥–æ –∞–π—Ñ–æ–Ω–∞ –≤—Å–µ –ø–µ—Ä–µ–Ω–µ—Å–ª–æ—Å—å –∫–æ—Ä—Ä–µ–∫—Ç–Ω–æ, –ø–æ–∫–∞ —Å–æ–º–Ω–µ–Ω–∏–π –≤ –ø–æ–¥–ª–∏–Ω–Ω–æ—Å—Ç–∏ –Ω–µ—Ç","–ö–æ—Ä–æ–±–∫–∞ –±—ã–ª–∞ –≥—Ä—è–∑–Ω–æ–≤–∞—Ç–∞, –∫–∞–∫ –±—É–¥—Ç–æ –Ω–∞ —Å–∫–ª–∞–¥–µ –≥–¥–µ —Ç–æ –¥–æ–ª–≥–æ –ª–µ–∂–∞–ª. –î–ª—è –ø–æ–¥–∞—Ä–∫–∞ –±—ã–ª–æ –±—ã –æ–±–∏–¥–Ω–æ.",–ù–µ —É–∫–∞–∑–∞–Ω–æ,0,0,Big-Apple
5 –º–µ—Å—è—Ü–µ–≤ –Ω–∞–∑–∞–¥,–ú–æ—Å–∫–≤–∞,5,–º–µ–Ω–µ–µ –º–µ—Å—è—Ü–∞,"–¢–µ–ª–µ—Ñ–æ–Ω –æ—Ä–∏–≥–∏–Ω–∞–ª—å–Ω—ã–π, –Ω–µ –∞–∫—Ç–∏–≤–∏—Ä–æ–≤–∞–Ω,
–Ω–µ –≤—Å–∫—Ä—ã–≤–∞–ª—Å—è, –≤—Å—ë —Ä–∞–±–æ—Ç–∞–µ—Ç, –Ω–∏–∫–∞–∫–∏—Ö –æ–≥—Ä–∞–Ω–∏—á–µ–Ω–∏–π.
–ü—Ä–∏—à–µ–ª –∞–∫–∫—É—Ä–∞—Ç–Ω–æ –∑–∞–ø–µ—á–∞—Ç–∞–Ω–Ω—ã–π.","–ò–∑ –Ω–µ–¥–æ—Å—Ç–∞—Ç–∫–æ–≤, —Ä–∞–∑–≤–µ —á—Ç–æ —Ü–µ–Ω–∞.","–ó–∞–∫–∞–∑—ã–≤–∞–ª –≤–ø–µ—Ä–≤—ã–µ, —Å–∏–ª—å–Ω–æ –ø–µ—Ä–µ–∂–∏–≤–∞–ª, –¥–æ–ª–≥–æ –º–æ–Ω–∏—Ç–æ—Ä–∏–ª –æ–±—Å—Ç–∞–Ω–æ–≤–∫—É, –Ω–æ –≤—Å—ë –æ—Ç–ª–∏—á–Ω–æ.
–ú–æ–∂–Ω–æ —Ä–µ–∫–æ–º–µ–Ω–¥–æ–≤–∞—Ç—å!
–ú–∞–≥–∞–∑–∏–Ω—É ID Store - –æ–≥—Ä–æ–º–Ω–∞—è –±–ª–∞–≥–æ–¥–∞—Ä–Ω–æ—Å—Ç—å, –≤—Å—ë —á—ë—Ç–∫–æ –∏ —Ç–æ—á–Ω–æ –≤ —Å—Ä–æ–∫.",0,0,ID Store
2 –º–µ—Å—è—Ü–∞ –Ω–∞–∑–∞–¥,–ë–æ–ª—å—à–æ–µ –ü–∏–∫–∏–Ω–æ,5,–Ω–µ—Å–∫–æ–ª—å–∫–æ –º–µ—Å—è—Ü–µ–≤,"–í—Å–µ –æ—Ç–ª–∏—á–Ω–æ!
–†–∞–±–æ—Ç–∞–µ—Ç,–Ω–µ –ª–∞–≥–∞–µ—Ç –≤—Å–µ –ø—Ä–æ–≤–µ—Ä–∫–∏ –ø—Ä–æ—Ö–æ–¥–∏—Ç!
–õ–µ—Ç–∞–µ—Ç üëåüèº",–ù–µ —É–∫–∞–∑–∞–Ω–æ,–ü–æ–ª—å–∑—É—é—Å—å —Å —Å–µ–Ω—Ç—è–±—Ä—è 23,0,0,Prosto-Technika
3 –º–µ—Å—è—Ü–∞ –Ω–∞–∑–∞–¥,–ù–æ–≤–æ—Å–∏–±–∏—Ä—Å–∫,5,–º–µ–Ω–µ–µ –º–µ—Å—è—Ü–∞,–≥–ª–∞–≤–Ω–æ–µ –∂–µ–Ω–∞ –¥–æ–≤–æ–ª—å–Ω–∞)),–Ω–µ –æ–±–Ω–∞—Ä—É–∂–µ–Ω–æ,–∑–∞–∫–∞–∑ –ø—Ä–∏—à—ë–ª –æ—Ç–ª–∏—á–Ω–æ —É–ø–∞–∫–æ–≤–∞–Ω–Ω—ã–π –ø–ª–æ–º–±—ã –Ω–∞ –º–µ—Å—Ç–µ –≤–æ–æ–±—â–µ–º –º–∞–≥–∞–∑–∏–Ω –æ—Ç–ª–∏—á–Ω—ã–π –≤—Å—ë–º —Ä–µ–∫–æ–º–µ–Ω–¥—É—é. —Å–ø–∞—Å–∏–±–æ –∑–∞ —Ä–∞–±–æ—Ç—É.,0,0,ID Store
3 –º–µ—Å—è—Ü–∞ –Ω–∞–∑–∞–¥,–ü–µ—á–µ—Ä—Å–∫,5,–Ω–µ—Å–∫–æ–ª—å–∫–æ –º–µ—Å—è—Ü–µ–≤,"—Ü–µ–Ω–∞ –±–æ–ª–µ–µ, —á–µ–º –ø—Ä–∏—è—Ç–Ω–∞—è.","–ø–æ–∫–∞ –Ω–µ –æ–±–Ω–∞—Ä—É–∂–∏–ª–∞, –±—É–¥—É –Ω–∞–±–ª—é–¥–∞—Ç—å –≤ –ø—Ä–æ—Ü–µ—Å—Å–µ","—è —É—à–ª–∞ –∫–æ–≥–¥–∞ —Ç–æ —Å –∞–π—Ñ–æ–Ω–æ–≤ –Ω–∞ –∞–Ω–¥—Ä–æ–∏–¥, —Å–µ–π—á–∞—Å —Ä–µ—à–∏–ª–∞ –≤–µ—Ä–Ω—É—Ç—å—Å—è, –ø–æ–∫–∞ –Ω–µ –ø–æ–∂–∞–ª–µ–ª–∞.",0,0,Xtech Store
–ú–µ—Å—è—Ü –Ω–∞–∑–∞–¥,–°–∞–Ω–∫—Ç-–ü–µ—Ç–µ—Ä–±—É—Ä–≥,5,–ù–µ —É–∫–∞–∑–∞–Ω–æ,–í—Å–µ –æ—Ç–ª–∏—á–Ω–æ –æ—Ä–∏–≥–∏–Ω–∞–ª,–ù–µ —É–∫–∞–∑–∞–Ω–æ,–ù–µ —É–∫–∞–∑–∞–Ω–æ,0,0,Digital Planet
4 –º–µ—Å—è—Ü–∞ –Ω–∞–∑–∞–¥,–°—Ç—Ä–æ–π–∫–µ—Ä–∞–º–∏–∫–∞,5,–º–µ–Ω–µ–µ –º–µ—Å—è—Ü–∞,"–ê–π—Ñ–æ–Ω –æ—Ä–∏–≥–∏–Ω–∞–ª!
–°–ø–∞—Å–∏–±–æ –ø—Ä–æ–¥–∞–≤—Ü—É –∑–∞ –æ–ø—Ç–∏–º–∞–ª—å–Ω—É—é —Ü–µ–Ω—É –∏ —Å–≤–æ–µ–≤—Ä–µ–º–µ–Ω–Ω—É—é –¥–æ—Å—Ç–∞–≤–∫—É.","–ò—Ö –ø—Ä–æ—Å—Ç–æ –Ω–µ—Ç, –≤–µ–¥—å —ç—Ç–æ apple","–ü–µ—Ä–µ—à–ª–∞ —Å –∞–Ω–¥—Ä–æ–∏–¥–∞ –Ω–∞ –∞–π—Ñ–æ–Ω, –Ω–∏ –∫–∞–ø–ª–∏ –Ω–µ –∂–∞–ª–µ—é!
–ù–µ –±–æ–π—Ç–µ—Å—å –∑–∞–∫–∞–∑—ã–≤–∞—Ç—å, –≤—Å–µ –º–æ–∂–Ω–æ –ø—Ä–æ–±–∏—Ç—å –ø–æ —Å–µ—Ä–∏–π–Ω–æ–º—É –Ω–æ–º–µ—Ä—É‚ò∫Ô∏è
–ö–æ—Ä–æ–±–∫–∞ –ø—Ä–∏—à–ª–∞ –≤ —Ü–µ–ª–æ—Å—Ç–∏ –∏ —Å–æ—Ö—Ä–∞–Ω–Ω–æ—Å—Ç–∏",0,0,AM-TEX
4 –º–µ—Å—è—Ü–∞ –Ω–∞–∑–∞–¥,–£—Å—Ç—å-–ö–∏–Ω–µ–ª—å—Å–∫–∏–π,5,–º–µ–Ω–µ–µ –º–µ—Å—è—Ü–∞,–≠—Ç–æ –∞–π—Ñ–æ–Ω),"–ù–µ–º–Ω–æ–≥–æ –æ–ø–æ–∑–¥–∞–ª–∏ —Å –¥–æ—Å—Ç–∞–≤–∫–æ–π,–ø—Ä–∏–≤–µ–∑–ª–∏ –Ω–∞ 2 –¥–Ω—è –ø–æ–∑–∂–µ,–Ω–æ –ø—Ä–∏–≤–µ–∑–ª–∏","–ü–µ—Ä–µ—à–ª–∞ –Ω–∞ –Ω–µ–≥–æ —Å 11,—É–¥–æ–±–Ω–æ –ª–µ–∂–∏—Ç –≤ —Ä—É–∫–µ.–û—Å–æ–±–æ–π —Ä–∞–∑–Ω–∏—Ü—ã –Ω–µ –∑–∞–º–µ—Ç–∏–ª–∞,–Ω–æ –≤—Å–µ –∂–µ –≤ 14 –∫–∞–º–µ—Ä–∞ –ª—É—á—à–µ)–ì–∞—Ä–∞–Ω—Ç–∏—è –Ω–∞ –≥–æ–¥,–ø—Ä–æ–±–∏–≤–∞–µ—Ç—Å—è,–æ—Ä–∏–≥–∏–Ω–∞–ª 100%",0,0,Funny Jobs
4 –º–µ—Å—è—Ü–∞ –Ω–∞–∑–∞–¥,–ö—Ä–∞—Å–Ω–æ–≥–æ—Ä—Å–∫,5,–º–µ–Ω–µ–µ –º–µ—Å—è—Ü–∞,"–ö–∞–º–µ—Ä–∞, —Å–∫–æ—Ä–æ—Å—Ç—å –∏ –≤—Å–µ –æ—Å—Ç–∞–ª—å–Ω–æ–µ, —á–µ–º —Å–ª–∞–≤–∏—Ç—Å—è –∞–π—Ñ–æ–Ω","–í—ã–ø–∏—Ä–∞—é—â–∏–µ –∫–∞–º–µ—Ä—ã, –±–æ—é—Å—å –±—ã—Å—Ç—Ä–æ –∑–∞—Ç—Ä—É—Ç—Å—è –∏ —Ç–µ–ª–µ—Ñ–æ–Ω –Ω–µ –ª–µ–∂–∏—Ç —Ä–æ–≤–Ω–æ –Ω–∞ —Å—Ç–æ–ª–µ","–ü—Ä–∏—à–µ–ª —Å 1 esim –∏ 1 –æ–±—ã—á–Ω–æ–π, —è —Ç–∞–∫–æ–π –∏ —Ö–æ—Ç–µ–ª–∞, –ø–æ—ç—Ç–æ–º—É –æ—Å—Ç–∞–≤–∏–ª–∞, –∏ —É –Ω–µ–≥–æ –±—ã–ª–∞ —Å–∞–º–∞—è –±—ã—Å—Ç—Ä–∞—è –¥–æ—Å—Ç–∞–≤–∫–∞",0,0,Class Line
2 –º–µ—Å—è—Ü–∞ –Ω–∞–∑–∞–¥,–ú–æ—Å–∫–≤–∞,5,–ù–µ —É–∫–∞–∑–∞–Ω–æ,–û—Ä–∏–≥–∏–Ω–∞–ª—å–Ω—ã–π,–ù–µ —É–∫–∞–∑–∞–Ω–æ,–ü—Ä–µ–∫—Ä–∞—Å–Ω–æ —Ä–∞–±–æ—Ç–∞–µ—Ç. –ê–π—Ñ–æ–Ω –æ–Ω –∏ –≤ –ê—Ñ—Ä–∏–∫–µ –∞–π—Ñ–æ–Ω),0,0,restore
4 –º–µ—Å—è—Ü–∞ –Ω–∞–∑–∞–¥,–õ–∞–±–∏–Ω—Å–∫,5,–º–µ–Ω–µ–µ –º–µ—Å—è—Ü–∞,"–û—Ä–∏–≥–∏–Ω–∞–ª, —Å–æ–æ—Ç–≤–µ—Ç—Å—Ç–≤—É–µ—Ç –æ–ø–∏—Å–∞–Ω–∏—é. –ë—ã–ª–æ —Å—Ç—Ä–∞—à–Ω–æ –∑–∞–∫–∞–∑—ã–≤–∞—Ç—å —á–µ—Ä–µ–∑ –º–∞–∫–µ—Ç, –Ω–æ —Ä–∏—Å–∫–Ω—É–ª–∞ –∏ –Ω–∏—Å–∫–æ–ª—å–∫–æ –Ω–µ –ø–æ–∂–∞–ª–µ–ª–∞. –†–µ–∫–æ–º–µ–Ω–¥—É—é –∫ –ø–æ–∫—É–ø–∫–µ.",–ù–µ—Ç. –ü–æ–ª–Ω–æ—Å—Ç—å—é —Å–æ–æ—Ç–≤–µ—Ç—Å—Ç–≤—É–µ—Ç –æ–∂–∏–¥–∞–Ω–∏—è–º.,"–î–æ—Å—Ç–∞–≤–ª–µ–Ω –±—ã—Å—Ç—Ä–µ–µ –∑–∞—è–≤–ª–µ–Ω–Ω–æ–π –¥–∞—Ç—ã, —Ö–æ—Ä–æ—à–æ —É–ø–∞–∫–æ–≤–∞–Ω.",0,0,ID Store
3 –º–µ—Å—è—Ü–∞ –Ω–∞–∑–∞–¥,–ó–µ–ª–µ–Ω–æ–≥—Ä–∞–¥,5,–º–µ–Ω–µ–µ –º–µ—Å—è—Ü–∞,"–ü—Ä–∏–≤–µ–∑–ª–∏ –≤–æ–≤—Ä–µ–º—è, –≤ –º–Ω–æ–≥–æ—Å–ª–æ–π–Ω–æ–π —É–ø–∞–∫–æ–≤–∫–µ, –≤—Å–µ –æ—Ç–ª–∏—á–Ω–æ. –ë–æ–ª—å—à–æ–π —ç–∫—Ä–∞–Ω, –≤—Å–µ —Ñ—É–Ω–∫—Ü–∏–∏, –≤—Å–µ –æ—Ç–ª–∏—á–Ω–æ! –ë—ã—Å—Ç—Ä–µ–Ω—å–∫–æ –ø–µ—Ä–µ–Ω–µ—Å–ª–∞ –≤—Å–µ —Å–æ —Å—Ç–∞—Ä–æ–≥–æ 7-–æ–≥–æ. 14-—ã–π –∫—Ä–∞—Å–∏–≤—ã–π, —É–¥–æ–±–Ω—ã–π, —Ñ–æ—Ç–æ –ø–æ–∫–∞ –Ω–µ —Ç–µ—Å—Ç–∏—Ä–æ–≤–∞–ª–∞.",–Ω–µ—Ç,–ù–µ —É–∫–∞–∑–∞–Ω–æ,0,0,OGWTRADE
2 –º–µ—Å—è—Ü–∞ –Ω–∞–∑–∞–¥,–ú–æ—Å–∫–≤–∞,5,–º–µ–Ω–µ–µ –º–µ—Å—è—Ü–∞,–ù–µ —É–∫–∞–∑–∞–Ω–æ,–ù–µ —É–∫–∞–∑–∞–Ω–æ,—Ç–µ–ª–µ—Ñ–æ–Ω —Ä–µ–∫–æ–º–µ–Ω–¥—É—é –æ—Ä–∏–≥–∏–Ω–∞–ª –≤—Å–µ —Ñ—É–Ω–∫—Ü–∏–∏ —Ä–∞–±–æ—Ç–∞—é—Ç.,0,0,TIGIAL
2 –º–µ—Å—è—Ü–∞ –Ω–∞–∑–∞–¥,–¢–≤–µ—Ä—å,5,–º–µ–Ω–µ–µ –º–µ—Å—è—Ü–∞,–í—Å–µ –∫–∞–∫ –≤ –æ–ø–∏—Å–∞–Ω–∏–∏,–ù–µ—Ç,–ü—É—à–µ—á–Ω—ã–π –∞–π—Ñ–æ–Ω üëçüëçüëçüëç,0,0,ManyPhone
–ú–µ—Å—è—Ü –Ω–∞–∑–∞–¥,–ú–æ—Å–∫–≤–∞,5,–ù–µ —É–∫–∞–∑–∞–Ω–æ,–ù–µ —É–∫–∞–∑–∞–Ω–æ,–ù–µ —É–∫–∞–∑–∞–Ω–æ,—Å—É–ø–µ—Ä,0,0,Prosto-Technika
3 –º–µ—Å—è—Ü–∞ –Ω–∞–∑–∞–¥,–ö–æ—Ä–æ–ª—ë–≤,5,–ù–µ —É–∫–∞–∑–∞–Ω–æ,–ü—Ä–µ–∫—Ä–∞—Å–Ω—ã–π –∞–ø–ø–∞—Ä–∞—Ç!,–æ—Ç—Å—É—Ç—Å—Ç–≤—É—é—Ç,–û—Ç–ª–∏—á–Ω—ã–π –ø—Ä–æ–¥–∞–≤–µ—Ü. –ú–æ–µ –ø–æ—á—Ç–µ–Ω–∏–µ —Ç—Ä–∞–Ω—Å–ø–æ—Ä—Ç–∏—Ä–æ–≤–æ—á–Ω–æ–π —É–ø–∞–∫–æ–≤–∫–µ. –≤—Å–µ –∑–∞–ø–∞–∫–æ–≤–∞–Ω–æ –∫–∞–∫ —Ç–æ–≥–æ —Ç—Ä–µ–±—É–µ—Ç –¥–∞–Ω–Ω—ã–π –≤–∏–¥ —Ç–æ–≤–∞—Ä–∞. –¢–æ–≤–∞—Ä –¥–µ–π—Å—Ç–≤–∏—Ç–µ–ª—å–Ω–æ –Ω–æ–≤—ã–π.,0,0,–î–∏—Å–∫–æ–Ω—Ç–∏–∫–∞
4 –º–µ—Å—è—Ü–∞ –Ω–∞–∑–∞–¥,–®–∞—Ç—Å–∫,5,–º–µ–Ω–µ–µ –º–µ—Å—è—Ü–∞,"–û—Ç–ª–∏—á–Ω—ã–π —Ç–µ–ª–µ—Ñ–æ–Ω , –ø–æ–ª–Ω–æ—Å—Ç—å—é –æ—Ä–∏–≥–∏–Ω–∞–ª , –±–µ–∑ –∫–∞–∫–∏—Ö -–ª–∏–±–æ –∫–æ—Å—è–∫–æ–≤ , –Ω–æ–≤—ã–π , –Ω–µ –∞–∫—Ç–∏–≤–∏—Ä–æ–≤–∞–Ω–Ω—ã–π .–¢–µ–ª–µ—Ñ–æ–Ω –ø—Ä–∏—à–µ–ª –≤ –Ω–µ –∏—Å–ø–æ–ª—å–∑–æ–≤–∞–Ω–Ω–æ–π –∫–æ—Ä–æ–±–∫–µ (–∫–æ—Ä–æ–±–∫–∞ –≤ –∏–¥–µ–∞–ª—å–Ω–æ–º —Å–æ—Å—Ç–æ—è–Ω–∏–∏)
–ë—Ä–∞–ª –Ω–∞ –ø–æ–¥–∞—Ä–æ–∫ ,–∂–µ–Ω–∞ –ø–æ–ª–Ω–æ—Å—Ç—å—é –¥–æ–≤–æ–ª—å–Ω–∞ .",–ù–µ –≤—ã—è–≤–ª–µ–Ω—ã . –í—Å–µ –æ—Ç–ª–∏—á–Ω–æ .–ª–∞–π–∫,–ü—Ä–æ–¥–∞–≤–µ—Ü –Ω–∞ –≤—ã—Å–æ—Ç–µ ),0,0,New Media
4 –º–µ—Å—è—Ü–∞ –Ω–∞–∑–∞–¥,–°–µ—Ä–ø—É—Ö–æ–≤,5,–º–µ–Ω–µ–µ –º–µ—Å—è—Ü–∞,"–í—Å—ë —Å—É–ø–µ—Ä, –∞–π—Ñ–æ–Ω –µ—Å—Ç—å –∞–π—Ñ–æ–Ω)))",–ù–µ —É–∫–∞–∑–∞–Ω–æ,"–ö–æ—Ä–æ–±–∫–∞ –ø—Ä–∏—à–ª–∞ —Ü–µ–ª–∞—è, –Ω–µ –≤—Å–∫—Ä—ã—Ç–∞—è! –°–∞–º –∞–π—Ñ–æ–Ω –Ω–æ–≤—ã–π, –Ω–µ –∞–∫—Ç–∏–≤–∏—Ä–æ–≤–∞–Ω–Ω—ã–π, –æ—Ä–∏–≥–∏–Ω–∞–ª! –õ–µ–≥–∫–æ –ø–µ—Ä–µ–Ω–µ—Å–ª–∞ –¥–∞–Ω–Ω—ã–µ —Å–æ —Å—Ç–∞—Ä–æ–≥–æ –Ω–∞ –Ω–æ–≤—ã–π! –ü—Ä–µ–¥—ã–¥—É—â–∏–π —Ç–æ–∂–µ –±—ã–ª –Ω–µ —Ä–æ—Å—Ç–µ—Å—Ç, –ø–æ—ç—Ç–æ–º—É –≤ —ç—Ç–æ–º –Ω–∏–∫–∞–∫–æ–π –ø—Ä–æ–±–ª–µ–º—ã –Ω–µ –≤–∏–∂—É, –Ω–∞–¥–µ—é—Å—å —ç—Ç–æ—Ç —Ç–æ–∂–µ –ø—Ä–æ—Å–ª—É–∂–∏—Ç –¥–æ–ª–≥–æ ü§ó",1,0,EL-CASTLE
2 –º–µ—Å—è—Ü–∞ –Ω–∞–∑–∞–¥,–û–±–Ω–∏–Ω—Å–∫,5,–º–µ–Ω–µ–µ –º–µ—Å—è—Ü–∞,–í—Å–µ —Å—É–ø–µ—Ä,–ù–µ—Ç,–û—Ä–∏–≥–∏–Ω–∞–ª. –°—ã–Ω –¥–æ–≤–æ–ª–µ–Ω. –í—Å–µ —Å—É–ø–µ—Ä,0,0,Prosto-Technika
3 –º–µ—Å—è—Ü–∞ –Ω–∞–∑–∞–¥,–ú–∏—Å–∞–π–ª–æ–≤–æ,5,–º–µ–Ω–µ–µ –º–µ—Å—è—Ü–∞,"–∞–π—Ñ–æ–Ω:). –±—Ä–∞–ª –≤ üéÅ. –ø—Ä–∏—à—ë–ª –≤–æ –≤—Ä–µ–º—è, —É–ø–æ–∫–æ–≤–∫–∞ —Ü–µ–ª–∞—è, —É–ø–∞–∫–æ–≤–∞–Ω —Ö–æ—Ä–æ—à–æ, –ø–ª–æ–º–±—ã —Ü–µ–ª—ã–µ. –í—Å—ë —Ä–∞–±–æ—Ç–∞–µ—Ç –∏ –ø—Ä–∏–Ω–æ—Å–∏—Ç —Ä–∞–¥–æ—Å—Ç—å üòÇ",–ù–µ —É–∫–∞–∑–∞–Ω–æ,"—Ä–µ—Å–ø–µ–∫—Ç –ø—Ä–æ–¥–∞–≤—Ü—É, —É–¥–∞—á–∏",0,0,Apple Gallery
5 –º–µ—Å—è—Ü–µ–≤ –Ω–∞–∑–∞–¥,–û—Ä—Å–∫,5,–Ω–µ—Å–∫–æ–ª—å–∫–æ –º–µ—Å—è—Ü–µ–≤,"–°–∞–º—ã–π –º–æ—â–Ω—ã–π –ø—Ä–æ—Ü–µ—Å—Å–æ—Ä —Å—Ä–µ–¥–∏ –≤—Å–µ—Ö —Å–º–∞—Ä—Ç—Ñ–æ–Ω–æ–≤.
–û—Ç–ª–∏—á–Ω–∞—è –∫–∞–º–µ—Ä–∞.
–ü–ª–∞–≤–Ω—ã–π —ç–∫—Ä–∞–Ω 120 –ì—Ü.
–û—Ç–ª–∏—á–Ω–∞—è —Ä–µ–∞–ª–∏–∑–∞—Ü–∏—è Always on Display.",–ù–æ–≤—ã–µ —Ñ–∏—à–∫–∏ –Ω–µ —Ä–∞–±–æ—Ç–∞—é—Ç –≤ –†–æ—Å—Å–∏–∏,"–ù–æ–≤—ã–∏ÃÜ iPhone 14 –±—É–¥–µ—Ç —Ä–∞–±–æ—Ç–∞—Ç—å –ø–ª–∞–≤–Ω–æ, –±–µ—Å–ø–µ—Ä–µ–±–æ–∏ÃÜ–Ω–æ –∏ –±—É–¥–µ—Ç –æ–±–Ω–æ–≤–ª—è—Ç—å—Å—è –Ω–∞ –Ω–æ–≤—ã–µ –≤–µ—Ä—Å–∏–∏ iOS –¥–æ–ª—å—à–µ, —á–µ–º –ª—é–±–æ–∏ÃÜ Android-—Å–º–∞—Ä—Ç—Ñ–æ–Ω.",0,0,MmobileShop
3 –º–µ—Å—è—Ü–∞ –Ω–∞–∑–∞–¥,–ö–æ–∑–µ–ª—å—Å–∫,5,–º–µ–Ω–µ–µ –º–µ—Å—è—Ü–∞,"–í—Å–µ —Å—É–ø–µ—Ä, –æ—Ä–∏–≥–∏–Ω–∞–ª, —É–ø–∞–∫–æ–≤–∞–Ω–æ –±—ã–ª–æ —Ö–æ—Ä–æ—à–æ",–ò—Ö –Ω–µ—Ç—É,"–ü–æ–ª—å–∑—É—é—Å—å –Ω–µ —Ç–∞–∫ —É–∂ –¥–∞–≤–Ω–æ, –Ω–æ –º–Ω–µ –æ—á–µ–Ω—å –Ω—Ä–∞–≤–∏—Ç—Å—è ü•∞ –∫–∞–º–µ—Ä–∞ –ø—Ä–æ—Å—Ç–æ —à–∏–∫–∞—Ä–Ω–∞—è",0,0,TIGIAL
4 –º–µ—Å—è—Ü–∞ –Ω–∞–∑–∞–¥,–ï–∫–∞—Ç–µ—Ä–∏–Ω–±—É—Ä–≥,5,–Ω–µ—Å–∫–æ–ª—å–∫–æ –º–µ—Å—è—Ü–µ–≤,"–∞–π—Ñ–æ–Ω, —ç—Ç–∏–º –≤—Å–µ —Å–∫–∞–∑–∞–Ω–æ",–∞–π—Ñ–æ–Ω)) –≤—Å–µ –Ω–µ–¥–æ—Å—Ç–∞—Ç–∫–∏ –æ–ø–∏—Å–∞–Ω—ã –ø–æ–¥—Ä–æ–±–Ω–æ –≤ –∏–Ω—Ç–µ—Ä–Ω–µ—Ç–µ.,"–¢–µ–ª–µ—Ñ–æ–Ω –±—ã–ª –ø–æ –æ—á–µ–Ω—å –ø—Ä–∏—è—Ç–Ω–æ–π —Ü–µ–Ω–µ. –ø—Ä–∏—à—ë–ª –≤ —Å—Ä–æ–∫) –ø–ª–æ–º–±—ã –±—ã–ª–∏ –Ω–∞ –º–µ—Å—Ç–µ, —Ö–æ—Ä–æ—à–æ —É–ø–∞–∫–æ–≤–∞–Ω. —è–Ω–¥–µ–∫—Å –Ω–∞ —Å–∞–º–æ–º –≤—ã—Å–æ–∫–æ–º —É—Ä–æ–≤–Ω–µ)))",0,0,SPLAV
2 –º–µ—Å—è—Ü–∞ –Ω–∞–∑–∞–¥,–†–æ—Å—Ç–æ–≤-–Ω–∞-–î–æ–Ω—É,5,–Ω–µ—Å–∫–æ–ª—å–∫–æ –º–µ—Å—è—Ü–µ–≤,"–û—Ä–∏–≥–∏–Ω–∞–ª—å–Ω—ã–π —Ç–µ–ª–µ—Ñ–æ–Ω,–∫–∞—á–µ—Å—Ç–≤–æ üëç—Ä–∞–±–æ—Ç–∞ üëç",–ò–Ω–æ–≥–¥–∞ –∏–∑—Ä–µ–¥–∫–∞ –±—ã–≤–∞–µ—Ç –≥–ª—é–∫–∏,–ù–µ —É–∫–∞–∑–∞–Ω–æ,0,0,–Ø–±–ª–æ—á–Ω–∞—è —Å—Ç–æ—Ä–æ–Ω–∞
2 –º–µ—Å—è—Ü–∞ –Ω–∞–∑–∞–¥,–ú–æ—Å–∫–≤–∞,5,–º–µ–Ω–µ–µ –º–µ—Å—è—Ü–∞,–°—É–ø–µ—Ä,–ù–µ—Ç,–•–æ—Ä–æ—à–∏–π —Ç–µ–ª–µ—Ñ–æ–Ω,0,0,restore
3 –º–µ—Å—è—Ü–∞ –Ω–∞–∑–∞–¥,–ú—É—Ä–∏–Ω–æ,5,–º–µ–Ω–µ–µ –º–µ—Å—è—Ü–∞,"–û—Ä–∏–≥–∏–Ω–∞–ª, –¶–µ–Ω–∞, –≤—Å–µ –æ—Ç–ª–∏—á–Ω–æ —Ä–∞–±–æ—Ç–∞–µ—Ç.",–ù–µ—Ç.,"–î–æ—Å—Ç–∞–≤–∏–ª–∏ –≤–æ –≤—Ä–µ–º—è, –∫–æ—Ä–æ–±–∫–∞ –∏ —Å–º–∞—Ä—Ç—Ñ–æ–Ω –≤ –æ—Ç–ª–∏—á–Ω–æ–º —Å–æ—Å—Ç–æ—è–Ω–∏–∏.",0,0,Digital Planet
3 –º–µ—Å—è—Ü–∞ –Ω–∞–∑–∞–¥,–°–∞–Ω–∫—Ç-–ü–µ—Ç–µ—Ä–±—É—Ä–≥,5,–º–µ–Ω–µ–µ –º–µ—Å—è—Ü–∞,"–∑–∞–∫–∞–∑ –ø—Ä–∏—à—ë–ª —á–µ—Ä–µ–∑ 3 –¥–Ω—è. —É–ø–∞–∫–æ–≤–∞–Ω –≤ –ø—É–ø—ã—Ä–∫—É, –ø—Ä–µ–¥–Ω–∞–∑–Ω–∞—á–µ–Ω –¥–ª—è –ò–Ω–¥–∏–∏, —Ä–∞–±–æ—Ç–∞–µ—Ç –±—ã—Å—Ç—Ä–æ, –æ—Ä–∏–≥–∏–Ω–∞–ª",–∏—Ö –Ω–µ—Ç,—Ä–µ–∫–æ–º–µ–Ω–¥—É—é –ø—Ä–æ–¥–∞–≤—Ü–∞!,0,0,World Fashion
2 –º–µ—Å—è—Ü–∞ –Ω–∞–∑–∞–¥,–ú–æ—Å–∫–≤–∞,5,–º–µ–Ω–µ–µ –º–µ—Å—è—Ü–∞,—à—É—Å—Ç—Ä–∞—è —Ç–µ–ª–µ—Ñ–æ–Ω,–Ω–µ—Ç –Ω–µ–¥–æ—Å—Ç–∞—Ç–∫–∏,–ù–µ —É–∫–∞–∑–∞–Ω–æ,0,0,iSpot
2 –º–µ—Å—è—Ü–∞ –Ω–∞–∑–∞–¥,–°–∞–º–∞—Ä–∞,5,–º–µ–Ω–µ–µ –º–µ—Å—è—Ü–∞,–û—á–µ–Ω—å –¥–æ–≤–æ–ª—å–Ω–∞,-,–ù–µ —É–∫–∞–∑–∞–Ω–æ,1,0,emobile66
3 –º–µ—Å—è—Ü–∞ –Ω–∞–∑–∞–¥,–õ–µ–≤—á–µ–Ω–∫–æ,5,–º–µ–Ω–µ–µ –º–µ—Å—è—Ü–∞,"–û—Ä–∏–≥–∏–Ω–∞–ª—å–Ω—ã–π, –Ω–æ–≤—ã–π , —Ö–æ—Ä–æ—à–∏–π","–ü–æ–∫–∞ –Ω–µ –æ–±–Ω–∞—Ä—É–∂–µ–Ω—ã, –Ω–∞–¥–µ—é—Å—å –∏—Ö –Ω–µ –±—É–¥–µ—Ç.","–û—á–µ–Ω—å –±–æ—è–ª–∞—Å—å –∑–∞–∫–∞–∑—ã–≤–∞—Ç—å, –Ω–æ –Ω–µ –ø–æ–∂–∞–ª–µ–ª–∞. –ü–æ–ª—É—á–∏–ª–∞ —Ç–æ —á—Ç–æ —Ö–æ—Ç–µ–ª–∞. ‚ò∫Ô∏è –î–æ—Å—Ç–∞–≤–∫–∞ –±—ã—Å—Ç—Ä–∞—è, –ø—Ä–∏–≤–µ–∑–ª–∏ –≤–æ–≤—Ä–µ–º—è.",0,0,ProGSM
4 –º–µ—Å—è—Ü–∞ –Ω–∞–∑–∞–¥,–ë–∞—Ä–Ω–∞—É–ª,5,–º–µ–Ω–µ–µ –º–µ—Å—è—Ü–∞,"–∑–∞–≤–æ–¥—Å–∫–æ–π, –Ω–µ –∞–∫—Ç–∏–≤–∏—Ä–æ–≤–∞–Ω , –Ω–æ–≤—ã–π, –Ω–µ –≤—Å–∫—Ä—ã–≤–∞–ª—Å—è","–Ω–µ –≤—ã—è–≤–∏–ª, –Ω–µ–¥–æ—Å—Ç–∞—Ç–∫–æ–≤ –Ω–µ—Ç","–ø—Ä–æ–¥–∞–≤—Ü—É —Å–ø–∞—Å–∏–±–æ! —Ç–µ–ª–µ—Ñ–æ–Ω –æ—Ç–ª–∏—á–Ω—ã–π , –±—Ä–∞–ª –≤ –ø–æ–¥–∞—Ä–æ–∫ –ø–æ–¥ —ë–ª–∫—É, –ö–æ—Ä–æ–±–∫–∞ –≤ –∑–∞–≤–æ–¥—Å–∫–æ–π —É–ø–∞–∫–æ–≤–∫–µ —á–∏—Å—Ç–∞—è!!! –≤—Å–µ—Ö —Å –Ω–æ–≤—ã–º –≥–æ–¥–æ–º –º–∏—Ä–∞ –∏ –¥–æ–±—Ä–∞ –≤—Å–µ–º!",0,0,Noble
3 –º–µ—Å—è—Ü–∞ –Ω–∞–∑–∞–¥,–î–µ–¥–æ–≤—Å–∫,5,–º–µ–Ω–µ–µ –º–µ—Å—è—Ü–∞,100% –æ—Ä–∏–≥–∏–Ω–∞–ª. 100% –±–∞—Ç–∞—Ä–µ—è. –ü–æ–∫—É–ø–∫–æ–π –¥–æ–≤–æ–ª–µ–Ω,–ø–æ–∫–∞ –Ω–µ –≤—ã—è–≤–∏–ª. –ø–æ—Å–ª–µ –∞–Ω–¥—Ä–æ–∏–¥–∞ –Ω–µ–º–Ω–æ–≥–æ –Ω–µ–ø—Ä–∏–≤—ã—á–Ω–æ,–ù–µ —É–∫–∞–∑–∞–Ω–æ,0,0,Sky Tech
